pulse,window_start,window_end,analytic_time,matched_time,time,timing_systematic,cadence_uncertainty,timing_uncertainty,analytic_amplitude,matched_amplitude,amplitude,amplitude_systematic,signed_amplitude,integrated_field_energy,integrated_flux_energy,phi_over_pi,case,gamma_over_pi,Omega_ph_M,rescaled_U,target_angle_over_pi,ray_U_over_M,simulation_minus_ray_over_M,amplitude_ratio,flux_energy_ratio
0,20.0,42.0,29.767468081326793,29.7674680843274,29.767468082827097,3.000607762260188e-09,0.05000000000023874,0.05000000000023883,4.381550782958608,4.381550783291296,4.381550783124952,3.32687655202335e-10,-4.380680510961258,79.93310668763482,7.851393354175373,0.3333333333333333,schwarzschild,0.3333333333333333,0.19245008972987526,0.0,0.3333333333333333,29.68793688733636,0.07953119549073762,nan,nan
1,44.0,62.0,53.76854272664893,53.76854272664818,53.768542726648555,7.531752999057062e-13,0.05000000000023874,0.05000000000023874,0.7941131232750555,0.7941131232750515,0.7941131232750535,3.9968028886505635e-15,-0.7750676774187468,2.71095110435733,0.3160149697016673,0.3333333333333333,schwarzschild,0.3333333333333333,0.19245008972987526,4.619008968816874,1.6666666666666667,56.15582327449403,-2.387280547845478,0.18124019612724573,0.04024953985187998
2,61.0,77.0,67.24414163449218,67.24414161876258,67.24414162662738,1.5729597180325072e-08,0.05000000000023874,0.05000000000024122,0.18702906569438155,0.18702906567941938,0.18702906568690048,1.4962170391541463e-11,0.1867215570412077,0.11947576273432846,0.030284186837601233,0.3333333333333333,schwarzschild,0.3333333333333333,0.19245008972987526,7.212389186281608,2.333333333333333,67.18287525976966,0.06126636685772269,0.23551942438070003,0.09583149452125923
3,77.0,98.0,86.93851424038688,86.93851424045977,86.93851424042333,7.288747383427108e-11,0.05000000000023874,0.05000000000023874,0.027720152587726848,0.027720152587799547,0.027720152587763197,7.269879143123603e-14,0.024362073615714484,0.0032192144927580407,0.0005155563600532814,0.3333333333333333,schwarzschild,0.3333333333333333,0.19245008972987526,11.002572962980237,3.6666666666666665,88.9681362657038,-2.0296220252804744,0.148213073117569,0.017023945956282375
0,20.0,42.0,30.470544934682962,30.15038618460697,30.310465559644967,0.3201587500759935,0.04999999999997229,0.324039542726223,5.0878224411856445,5.054430381367249,5.071126411276447,0.03339205981839566,-5.0810693132216285,116.31043094693247,9.502367028448312,0.3333333333333333,sds_L20,0.3333333333333333,0.18584142981864143,0.0,0.3333333333333333,30.407041600460886,-0.09657604081591842,nan,nan
1,44.0,62.0,55.796305642435165,56.034317944573345,55.91531179350426,0.2380123021381806,0.04999999999997229,0.24320743403340653,0.7797530490887595,0.7139448850150802,0.7468489670519198,0.06580816407367929,-0.7685671475419054,2.8159518319052337,0.23129378815211435,0.3333333333333333,sds_L20,0.3333333333333333,0.18584142981864143,4.758441234386867,1.6666666666666667,58.11785532813624,-2.202543534631978,0.1472747682627638,0.024340649804376526
2,61.0,77.0,69.18642262802942,67.47036244403361,68.32839253603152,1.7160601839958076,0.04999999999997229,1.7167884421488055,0.1581541169542911,0.18297025649302556,0.17056218672365833,0.02481613953873446,0.14435444851732765,0.09480521780472563,0.02686398991097347,0.3333333333333333,sds_L20,0.3333333333333333,0.18584142981864143,7.065305908032376,2.333333333333333,69.50829907161388,-1.1799065355823615,0.2283757416133657,0.11614661217492753
3,77.0,98.0,89.82623998174472,90.70803126154202,90.26713562164338,0.881791279797298,0.04999999999997229,0.8832077112019312,0.03189379258229867,0.026224357150313956,0.029059074866306316,0.005669435431984716,0.031155668309769208,0.004757650313743832,0.0003948404975933779,0.3333333333333333,sds_L20,0.3333333333333333,0.18584142981864143,11.142433291486316,3.6666666666666665,92.06441797147738,-1.7972823498340063,0.17037231654040227,0.014697760790629705
0,20.0,42.0,30.126411790122763,29.93411363491704,30.0302627125199,0.19229815520572302,0.050000000000000044,0.19869217522470367,4.716520476905133,4.687015121386685,4.701767799145909,0.029505355518447907,-4.713707691710259,95.37746247090826,8.66925309671129,0.3333333333333333,sds_L40,0.3333333333333333,0.1908193832843955,0.0,0.3333333333333333,30.045156182959417,-0.014893470439517387,nan,nan
1,44.0,62.0,54.42108271804692,54.49084544735672,54.45596408270182,0.06976272930980087,0.050000000000000044,0.08583028836461261,0.8060391570032485,0.7546713240327163,0.7803552405179823,0.05136783297053216,-0.7941160092781169,2.9199385569308847,0.27136495041570896,0.3333333333333333,sds_L40,0.3333333333333333,0.1908193832843955,4.6608972717469275,1.6666666666666667,56.80306663492168,-2.3471025522198588,0.16597060379284073,0.03130199884447394
2,61.0,77.0,67.91680474444924,67.61934090206019,67.76807282325471,0.29746384238904966,0.050000000000000044,0.30163676421957814,0.1757402318830744,0.17688464317286803,0.1763124375279712,0.0011444112897936454,0.17530657330572347,0.10589272763428678,0.029714531044114215,0.3333333333333333,sds_L40,0.3333333333333333,0.1908193832843955,7.201105651834042,2.333333333333333,67.9079000715456,-0.1398272482908851,0.22593868583613147,0.10950025417281774
3,77.0,98.0,87.72450147122325,87.66809304622312,87.69629725872318,0.05640842500012866,0.050000000000000044,0.07537844792110769,0.02872579685374099,0.026439515080586305,0.027582655967163645,0.0022862817731546838,0.026755594305264873,0.0035230815251707922,0.00045546794777184493,0.3333333333333333,sds_L40,0.3333333333333333,0.1908193832843955,11.003797148563155,3.6666666666666665,89.87713911368192,-2.180841854958743,0.15644191841422292,0.015328121688868549
0,20.0,42.0,29.95330622864705,29.853174786165923,29.903240507406487,0.10013144248112837,0.05000000000006111,0.11192098004108805,4.545766882671724,4.525894075615519,4.5358304791436215,0.019872807056204422,-4.544317874668814,87.17344762302882,8.25375683208549,0.3333333333333333,sds_L80,0.3333333333333333,0.19204371126656825,0.0,0.3333333333333333,29.8698274785805,0.0334130288259864,nan,nan
1,44.0,62.0,54.01713122461053,54.02525192457655,54.021191574593544,0.00812069996602105,0.05000000000006111,0.0506551652642082,0.796165012554098,0.7728636979892299,0.784514355271664,0.02330131456486806,-0.7811370391800818,2.7734290625939577,0.2933862905906827,0.3333333333333333,sds_L80,0.3333333333333333,0.19204371126656825,4.631700831088093,1.6666666666666667,56.40578585232748,-2.384594277733939,0.1729593640853577,0.035545788004097564
2,61.0,77.0,67.49411082741058,67.39086290409698,67.44248686575378,0.103247923313603,0.05000000000006111,0.11471762579733663,0.1827829475627851,0.18205493927092328,0.1824189434168542,0.0007280082918618147,0.1827291670815137,0.1139246519708243,0.02974073164002409,0.3333333333333333,sds_L80,0.3333333333333333,0.19204371126656825,7.209176188807021,2.333333333333333,67.44729124708061,-0.004804381326835028,0.23252467235438362,0.10137055681826937
3,77.0,98.0,87.18788189513165,87.1612583799215,87.17457013752659,0.026623515210147275,0.05000000000006111,0.05664637289492641,0.027938376452809943,0.02697662513241583,0.027457500792612888,0.0009617513203941143,0.025269112222823086,0.003280221924118745,0.00048542913972605473,0.3333333333333333,sds_L80,0.3333333333333333,0.19204371126656825,10.99859869133924,3.6666666666666665,89.277468668746,-2.1028985312194095,0.1505189114590388,0.016322030863315424
0,20.0,42.0,29.862459881647432,29.81129993359762,29.836879907622524,0.05115994804981128,0.05000000000023874,0.07153558753853402,4.4630338821240985,4.451494733485527,4.457264307804813,0.011539148638571639,-4.462417000697858,83.45257329419611,8.05076382783046,0.3333333333333333,sds_L160,0.3333333333333333,0.19234857560438817,0.0,0.3333333333333333,29.780147138375423,0.0567327692471018,nan,nan
1,44.0,62.0,53.87872823349402,53.873285760749944,53.87600699712198,0.005442472744078941,0.05000000000023874,0.05029533288083415,0.7899166157534482,0.78301307280886,0.7864648442811542,0.00690354294458817,-0.7725952097337976,2.6943822558506976,0.30479267131868826,0.3333333333333333,sds_L160,0.3333333333333333,0.19234857560438817,4.6238918544380825,1.6666666666666667,56.2630894095029,-2.38708241238092,0.1764456379452367,0.03785885138812034
2,61.0,77.0,67.35046560197158,67.30441036763705,67.3274379848043,0.04605523433453129,0.05000000000023874,0.06797855992614482,0.1856120634371519,0.18446695555108095,0.1850395094941164,0.0011451078860709452,0.1854216855027553,0.11761671179523335,0.02962050937270049,0.3333333333333333,sds_L160,0.3333333333333333,0.19234857560438817,7.211255444759505,2.333333333333333,67.29133598253372,0.03610200227058158,0.2352800774753594,0.09718248553860265
3,77.0,98.0,87.03182501777125,87.01928329271477,87.02555415524301,0.012541725056479436,0.05000000000023874,0.05154895602644343,0.027686351134391784,0.02733214137959744,0.027509246256994614,0.0003542097547943428,0.024659302592095617,0.003208532028583103,0.0005002699532637026,0.3333333333333333,sds_L160,0.3333333333333333,0.19234857560438817,11.000160032233156,3.6666666666666665,89.08747893176111,-2.0619247765180972,0.14866687839912,0.016889309598597666
0,22.0,43.0,32.96897669029665,32.96897668603281,32.96897668816473,4.263839059603924e-09,0.05000000000023874,0.05000000000023892,4.067058330182455,4.067058330463085,4.067058330322769,2.8062974166687127e-10,-4.066282481159042,72.55237652968128,6.280137715539022,0.5,schwarzschild,0.5,0.19245008972987526,0.0,0.5,32.98424120432105,-0.015264516156321406,nan,nan
1,44.0,61.0,51.52528185839948,51.52528187100767,51.52528186470357,1.260819004755831e-08,0.05000000000023874,0.05000000000024033,0.7234539744888863,0.7234539749128588,0.7234539747008726,4.239725237553671e-10,-0.5955114428461852,2.2556686672152857,0.4908552325910515,0.5,schwarzschild,0.5,0.19245008972987526,3.571162596279849,1.5,53.3203336090007,-1.795051744297126,0.17788138648197305,0.07815994725346904
2,60.0,77.0,69.65332424854651,69.65332424746637,69.65332424800644,1.080138645193074e-09,0.05000000000023874,0.050000000000238756,0.16150078662951378,0.1615007866396048,0.1615007866345593,1.0091011359847357e-11,0.15902522800372812,0.09917519541985945,0.020154469437109322,0.5,schwarzschild,0.5,0.19245008972987526,7.059905979573468,2.5,69.91172750609154,-0.2584032580850959,0.22323574447335814,0.04105990544446474
3,76.0,96.0,85.29268611750653,85.29268612045217,85.29268611897936,2.9456401762217865e-09,0.05000000000023874,0.050000000000238826,0.02921894788657705,0.029218947887893084,0.029218947887235065,1.3160340872619969e-12,0.012612585262848952,0.0038959732511386785,0.0007647125189501207,0.5,schwarzschild,0.5,0.19245008972987526,10.069702574960196,3.5,86.24722943255836,-0.9545433135789949,0.18092139670719443,0.037942577517922516
0,22.0,43.0,34.38029843598701,34.225079342368325,34.30268888917767,0.15521909361868325,0.04999999999997229,0.1630735019057443,4.003038696193845,4.117031107494914,4.0600349018443795,0.1139924113010693,-3.999514210748069,71.8762090635642,6.280053440405398,0.5,sds_L20,0.5,0.18584142981864143,0.0,0.5,34.361266972403115,-0.05857808322544855,nan,nan
1,44.0,61.0,52.86703544946124,54.339030730578216,53.60303309001973,1.4719952811169748,0.04999999999997229,1.4728442238168429,0.8727110846108509,0.7132353106001316,0.7929731976054912,0.15947577401071933,-0.8615376238503173,3.2756767965699316,0.36104139815477737,0.5,sds_L20,0.5,0.18584142981864143,3.586803562276413,1.5,55.20487577612555,-1.6018426861058188,0.1953119164678269,0.05749017927647937
2,60.0,77.0,67.91108888741151,70.00279358932383,68.95694123836768,2.0917047019123203,0.04999999999997229,2.092302215264828,0.14209594936869271,0.14278661630720954,0.14244128283795113,0.0006906669385168263,-0.11730135100683013,0.11451401761102156,0.02643312524624596,0.5,sds_L20,0.5,0.18584142981864143,6.440195805869485,2.5,72.33259549633163,-3.3756542579639586,0.1796293787331971,0.07321355772867398
3,76.0,96.0,86.9873046941855,87.30342470759105,87.14536470088828,0.31612001340555196,0.04999999999997229,0.32004978187076394,0.028596541602160967,0.026084687780248222,0.027340614691204593,0.002511853821912744,0.028290862122920937,0.0036342149000982986,0.0014878586678744434,0.5,sds_L20,0.5,0.18584142981864143,9.82035842829124,3.5,89.24679410350879,-2.1014294026205107,0.19194305293015892,0.056287656265153495
0,22.0,43.0,33.61467420476103,33.51327313106353,33.56397366791228,0.1014010736975024,0.050000000000000044,0.1130582935790485,4.061601766340266,4.101978335309737,4.081790050825002,0.04037656896947084,-4.060153742557014,73.05559644978334,6.2880607058348605,0.5,sds_L40,0.5,0.1908193832843955,0.0,0.5,33.61041620402265,-0.046442536110369304,nan,nan
1,44.0,61.0,51.76978476645965,51.83739304851424,51.80358890748694,0.0676082820545858,0.050000000000000044,0.08408852360680637,0.7680994068044819,0.6727059701140952,0.7204026884592885,0.09539343669038669,-0.7285990431673518,2.3888467152301205,0.42199924328504085,0.5,sds_L40,0.5,0.1908193832843955,3.4804721313602984,1.5,53.956760598160734,-2.153171690673794,0.17649185271390486,0.06711119103755732
2,60.0,77.0,70.16159204257039,70.1285235062744,70.1450577744224,0.033068536295985496,0.050000000000000044,0.05994604317850274,0.14108087468667158,0.15377333332223614,0.14742710400445386,0.012692458635564563,0.13117187838916966,0.08417971384712458,0.020635126953657754,0.5,sds_L40,0.5,0.1908193832843955,6.980379909078862,2.5,70.6591608948599,-0.5141031204374968,0.20464541063797723,0.048898492786442475
3,76.0,96.0,85.36762029862035,85.93153420579527,85.64957725220782,0.5639139071749213,0.050000000000000044,0.5661262179985005,0.029650190360113873,0.027580557350105225,0.02861537385510955,0.002069633010008648,0.024319619580705505,0.0037374453692810682,0.0006916929416833736,0.5,sds_L40,0.5,0.1908193832843955,9.938942753950775,3.5,87.13300301964787,-1.4834257674400533,0.19409846003788464,0.033520168944769446
0,22.0,43.0,33.28427055709496,33.22578438160885,33.2550274693519,0.058486175486116565,0.05000000000006111,0.0769456478496278,4.068932152382694,4.084561982670291,4.076747067526492,0.01562983028759657,-4.067821240828745,72.94442711742411,6.283551710521655,0.5,sds_L80,0.5,0.19204371126656825,0.0,0.5,33.28897294624613,-0.033945476894231774,nan,nan
1,44.0,61.0,51.55854299164805,51.64770706587498,51.60312502876152,0.08916407422692885,0.05000000000006111,0.10222637689339961,0.7358311906388,0.696409574211556,0.7161203824251781,0.039421616427243955,-0.6613660767751074,2.245656912163271,0.45456327301014743,0.5,sds_L80,0.5,0.19204371126656825,3.523636749990086,1.5,53.57155370584627,-1.968428677084752,0.17565975287735322,0.0723417732441021
2,60.0,77.0,69.87996812463504,69.87646099509158,69.87821455986331,0.003507129543464771,0.05000000000006111,0.05012284865847864,0.15333107576337224,0.15732030912694606,0.15532569244515915,0.003989233363573819,0.14936235974027662,0.0916789483405292,0.01986196627887036,0.5,sds_L80,0.5,0.19204371126656825,7.033252767271683,2.5,70.18142656443705,-0.3032120045737372,0.21689885703174766,0.04369461295749463
3,76.0,96.0,85.16335998795165,85.4993706757593,85.33136533185547,0.33601068780764365,0.05000000000006111,0.3397104389343546,0.029112617297640506,0.028330838271105555,0.02872172778437303,0.0007817790265349511,0.018989992461533198,0.003759608579465755,0.0007179698964343967,0.5,sds_L80,0.5,0.19204371126656825,10.00093319228689,3.5,86.55081664374627,-1.2194513118908077,0.18491292285411065,0.036147976809234164
0,22.0,43.0,33.12551842123043,33.09294815524772,33.109233288239075,0.032570265982712954,0.05000000000023874,0.059672625434185,4.069977401634237,4.075868174153145,4.072922787893691,0.005890772518908349,-4.069049164686231,72.82610697375694,6.2815968954698524,0.5,sds_L160,0.5,0.19234857560438817,0.0,0.5,33.13527111749915,-0.02603782926007625,nan,nan
1,44.0,61.0,51.55324972374869,51.5867922799996,51.570021001874146,0.033542556250907296,0.05000000000023874,0.06020882891959579,0.7226145170998234,0.7097549911371511,0.7161847541184873,0.012859525962672258,-0.6176566314195419,2.21728121701432,0.4721934964481319,0.5,sds_L160,0.5,0.19234857560438817,3.5509062212526956,1.5,53.42988802068942,-1.8598670188152724,0.17584049377200733,0.07517093253606695
2,60.0,77.0,69.76193088941874,69.76359760124124,69.76276424532999,0.0016667118225086597,0.05000000000023874,0.05002777157063029,0.15841771342553718,0.1592617038045351,0.15883970861503616,0.0008439903789979331,0.15567818507232395,0.09593068151581303,0.019718859581547843,0.5,sds_L160,0.5,0.19234857560438817,7.0502544704677845,2.5,70.02137270203195,-0.258608456701964,0.22178593959395757,0.04176012530853199
3,76.0,96.0,85.2342043886214,85.36961598117387,85.30191018489762,0.13541159255247237,0.05000000000023874,0.14434784167981407,0.02901272950888316,0.02876599259564647,0.028889361052264813,0.00024673691323668853,0.015273628252310977,0.0038043953112455345,0.0007404362807795438,0.5,sds_L160,0.5,0.19234857560438817,10.039187058052331,3.5,86.36514258493172,-1.0632324000340958,0.181877449311375,0.037549650258294646
