pulse,window_start,window_end,analytic_time,matched_time,time,timing_systematic,cadence_uncertainty,timing_uncertainty,analytic_amplitude,matched_amplitude,amplitude,amplitude_systematic,signed_amplitude,integrated_field_energy,integrated_flux_energy,phi_over_pi,case,gamma_over_pi,Omega_ph_M,rescaled_U,ray_U_over_M,simulation_minus_ray_over_M,amplitude_ratio
0,20.0,42.0,29.708217427680655,29.70821743153859,29.708217429609622,3.8579344163736096e-09,0.0005000000000006111,0.0005000000000154947,0.02769238888393202,0.02769238888597877,0.027692388884955395,2.0467516570477073e-12,-0.027692384230986158,0.0015988354004891142,0.0006263750800735568,0.3333333333333333,schwarzschild,0.3333333333333333,0.19245008972987526,0.0,29.68793688733636,0.02028054227326237,
1,44.0,62.0,55.43635283125524,55.436352837441625,55.43635283434843,6.186382961459458e-09,0.0005000000000006111,0.0005000000000388824,0.00500630068691431,0.005006300688008411,0.00500630068746136,1.094100504639428e-12,-0.0033935964173118947,5.833536932656894e-05,2.6782796521188984e-05,0.3333333333333333,schwarzschild,0.3333333333333333,0.19245008972987526,4.951381967224365,56.15582327449403,-0.7194704401455994,0.18078255033393534
2,61.0,77.0,67.19105517257333,67.19105518364947,67.1910551781114,1.1076139116994455e-08,0.0005000000000006111,0.0005000000001232919,0.0016918500141130408,0.0016918500147900363,0.0016918500144515384,6.769955689794882e-13,0.001689964457677346,5.578171528225681e-06,2.9849965884739345e-06,0.3333333333333333,schwarzschild,0.3333333333333333,0.19245008972987526,7.213575488029523,67.18287525976966,0.008179918341738812,0.33794414680063034
3,77.0,98.0,88.63456259273688,88.63456259086318,88.63456259180003,1.873701194199384e-09,0.0005000000000006111,0.0005000000000041218,0.00019599042687008897,0.00019599042686141568,0.00019599042686575233,8.67329211923229e-15,5.883234135880201e-05,8.527171331292877e-08,4.5136520712243756e-08,0.3333333333333333,schwarzschild,0.3333333333333333,0.19245008972987526,11.340380413917147,88.9681362657038,-0.33357367390377135,0.11584385447387795
0,20.0,42.0,31.021066092570262,30.953341900497193,30.98720399653373,0.06772419207306868,0.0005000000000006111,0.06772603776945686,0.035915862132344864,0.037610478305595746,0.036763170218970305,0.0016946161732508819,-0.035770110411574366,0.003265217752742333,0.0008222028056583421,0.3333333333333333,sds_L12,0.3333333333333333,0.1734721666221777,0.0,31.070426665266904,-0.08322266873317474,
1,44.0,62.0,58.60869023143364,59.436352684291606,59.022521457862624,0.8276624528579646,0.0005000000000006111,0.8276626038857032,0.0013276254164871538,0.0022534169015137745,0.001790521159000464,0.0009257914850266207,-0.00017441329182824917,1.3154260093590726e-05,1.2177908295510123e-05,0.3333333333333333,sds_L12,0.3333333333333333,0.1734721666221777,4.863347261957294,61.49072556779505,-2.4682041099324294,0.04870420990180358
2,61.0,77.0,62.961897708089055,63.191055319536964,63.076476513813006,0.22915761144790991,0.0005000000000006111,0.22915815692335992,0.0014637421958146974,0.0022834600247312923,0.0018736011102729949,0.0008197178289165948,0.0013407021140814871,9.003747804399e-06,1.2221733409474179e-05,0.3333333333333333,sds_L12,0.3333333333333333,0.1734721666221777,5.566595628901939,73.68307013254517,-10.606593618732163,1.046399871263688
3,77.0,98.0,93.4690008670438,92.63456244577326,93.05178165640854,0.8344384212705478,0.0005000000000006111,0.834438571071882,7.79449400592526e-05,5.459085107717722e-05,6.626789556821492e-05,2.3354088982075384e-05,-5.868258444092629e-05,4.989492766732772e-08,1.768484050252147e-08,0.3333333333333333,sds_L12,0.3333333333333333,0.1734721666221777,10.76647675714889,97.8461454586656,-4.794363802257067,0.03536926574438211
0,20.0,42.0,30.37805433230801,30.317465863556457,30.347760097932234,0.0605884687515541,0.0005000000000006111,0.06059053181527663,0.03213676662027587,0.03270051683527593,0.0324186417277759,0.0005637502150000612,-0.03204226090030383,0.0023209388836941958,0.0007548226281940903,0.3333333333333333,sds_L20,0.3333333333333333,0.18584142981864143,0.0,30.407041600460886,-0.05928150252865194,
1,44.0,62.0,57.1095398428927,57.39609144200391,57.252815642448304,0.2865515991112062,0.0005000000000006111,0.28655203533248447,0.005335474549808036,0.004474416247460532,0.004904945398634284,0.0008610583023475034,-0.004834481228510949,7.846317219752875e-05,2.0134848857577437e-05,0.3333333333333333,sds_L20,0.3333333333333333,0.18584142981864143,5.000073991742833,58.11785532813624,-0.8650396856879325,0.15130015130867702
2,61.0,77.0,69.24415327737891,69.21879387459084,69.23147357598488,0.025359402788069474,0.0005000000000006111,0.025364331447281365,0.0013900844000039327,0.0015116199135763674,0.0014508521567901502,0.00012153551357243467,0.0013076278132473954,4.225492394526325e-06,2.7357907901473007e-06,0.3333333333333333,sds_L20,0.3333333333333333,0.18584142981864143,7.226204909419682,69.50829907161388,-0.27682549562899794,0.2957937426162012
3,77.0,98.0,91.27100800691998,91.67130117086354,91.47115458889176,0.40029316394355874,0.0005000000000006111,0.40029347621457034,0.00019396240533075054,0.00017891345382985756,0.00018643792958030405,1.5048951500892978e-05,0.0001498222097548769,9.042920898951364e-08,3.448541881213719e-08,0.3333333333333333,sds_L20,0.3333333333333333,0.18584142981864143,11.35925902756879,92.06441797147738,-0.5932633825856186,0.1285023623583931
0,20.0,42.0,30.039647487711687,30.004095808702132,30.02187164820691,0.03555167900955425,0.0005000000000006111,0.0355551948440503,0.029756655288387005,0.029897261645479217,0.02982695846693311,0.00014060635709221142,-0.029725788272264055,0.0018987475294168971,0.000690138983866837,0.3333333333333333,sds_L40,0.3333333333333333,0.1908193832843955,0.0,30.045156182959417,-0.023284534752505692,
1,44.0,62.0,55.94455795711086,56.051232146192596,55.997895051651724,0.10667418908173687,0.0005000000000006111,0.1066753608676631,0.004958851519517271,0.004716151345558444,0.004837501432537857,0.00024270017395882672,-0.0039597901881628355,5.952985371855498e-05,2.323112756061944e-05,0.3333333333333333,sds_L40,0.3333333333333333,0.1908193832843955,4.956728766026363,56.80306663492168,-0.8051715832699529,0.16218554224698534
2,61.0,77.0,67.87173351056421,67.85275785408861,67.8622456823264,0.01897565647560384,0.0005000000000006111,0.01898224271997718,0.0015706212922183666,0.0015941472180993998,0.0015823842551588832,2.3525925881033236e-05,0.001569576040349397,4.81963498906312e-06,2.6625480626163494e-06,0.3333333333333333,sds_L40,0.3333333333333333,0.1908193832843955,7.220676836441534,67.9079000715456,-0.04565438921919451,0.32710775949656523
3,77.0,98.0,89.37797563584678,89.47662144308148,89.42729853946413,0.0986458072347034,0.0005000000000006111,0.09864707438635097,0.0001892911627491401,0.0001855299841511669,0.00018741057345015352,3.7611785979732094e-06,9.255647484478666e-05,8.051339941985124e-08,3.940601833478568e-08,0.3333333333333333,sds_L40,0.3333333333333333,0.1908193832843955,11.335706923135946,89.87713911368192,-0.449840574217788,0.11843556509056398
0,20.0,42.0,29.876956085868745,29.858072925915813,29.86751450589228,0.01888315995293155,0.0005000000000006111,0.01888977844782724,0.028691506025928067,0.02873013730247334,0.028710821664200706,3.863127654527357e-05,-0.028682779396819017,0.0017374103442157327,0.0006579705033834753,0.3333333333333333,sds_L80,0.3333333333333333,0.19204371126656825,0.0,29.8698274785805,-0.0023129726882196167,
1,44.0,62.0,55.626620824829146,55.66672496563279,55.646672895230964,0.040104140803642,0.0005000000000006111,0.040107257567656554,0.004937425378052731,0.004847169837229517,0.0048922976076411235,9.025554082321436e-05,-0.0036165978366509274,5.738596200207641e-05,2.4915278095174e-05,0.3333333333333333,sds_L80,0.3333333333333333,0.19204371126656825,4.950725250417289,56.40578585232748,-0.7591129570965194,0.1703990803489017
2,61.0,77.0,67.43894036914821,67.42908616694484,67.43401326804653,0.009854202203371187,0.0005000000000006111,0.009866878993122708,0.001634502028603312,0.001640433694865433,0.0016374678617343723,5.93166626212103e-06,0.0016343195386644242,5.204557812774134e-06,2.808558726374823e-06,0.3333333333333333,sds_L80,0.3333333333333333,0.19204371126656825,7.214409841575043,67.44729124708061,-0.01327797903408623,0.33470324028874765
3,77.0,98.0,88.87782118330034,88.91311670988387,88.8954689465921,0.03529552658352486,0.0005000000000006111,0.03529906793115522,0.00019179978490213966,0.00019026567029745977,0.00019103272759979972,1.5341146046798882e-06,7.239720563900674e-05,8.193133667859688e-08,4.2103789877619075e-08,0.3333333333333333,sds_L80,0.3333333333333333,0.19204371126656825,11.335947439265901,89.277468668746,-0.38199972215389266,0.11666349738153747
0,20.0,42.0,29.793771305220773,29.784080026046272,29.78892566563352,0.009691279174500522,0.0005000000000006111,0.009704168796868083,0.028184623139004564,0.028196280181673777,0.02819045166033917,1.1657042669213635e-05,-0.028182245516393686,0.0016656455548203482,0.0006421052503871388,0.3333333333333333,sds_L160,0.3333333333333333,0.19234857560438817,0.0,29.780147138375423,0.008778527258098023,
1,44.0,62.0,55.516060791941705,55.53372886726162,55.524894829601664,0.017668075319917875,0.0005000000000006111,0.01767514881154588,0.00496243637834673,0.004923108083916955,0.004942772231131843,3.9328294429774764e-05,-0.003490819882194494,5.755663894676888e-05,2.5823350663840874e-05,0.3333333333333333,sds_L160,0.3333333333333333,0.19234857560438817,4.950277010487729,56.2630894095029,-0.7381945799012399,0.1753349783354402
2,61.0,77.0,67.29168195899588,67.28740971425574,67.28954583662582,0.004272244740135989,0.0005000000000006111,0.004301403854513109,0.0016636209258071325,0.001665294326780218,0.0016644576262936752,1.6734009730854597e-06,0.0016627380155348939,5.391602685102467e-06,2.89341163825395e-06,0.3333333333333333,sds_L160,0.3333333333333333,0.19234857560438817,7.2131908741715565,67.29133598253372,-0.0017901459079041615,0.33674576704347386
3,77.0,98.0,88.72056164004222,88.73959908343257,88.7300803617374,0.019037443390345743,0.0005000000000006111,0.019044008266135032,0.00019369495879478278,0.00019301975132094128,0.00019335735505786203,6.752074738414953e-07,6.540515694224116e-05,8.337810069360702e-08,4.359620938519528e-08,0.3333333333333333,sds_L160,0.3333333333333333,0.19234857560438817,11.337247150273475,89.08747893176111,-0.3573985700237188,0.11616838542680104
0,22.0,43.0,32.98012486268306,32.98012486259723,32.980124862640146,8.58335624798201e-11,0.0005000000000006111,0.0005000000000006184,0.02588013084300737,0.02588013084302614,0.025880130843016755,1.8769708010069053e-14,-0.025879996760060916,0.001474984313760552,0.0005048036223897531,0.5,schwarzschild,0.5,0.19245008972987526,0.0,32.98424120432105,-0.0041163416809055775,
1,44.0,61.0,53.01560425482536,53.01560425750659,53.01560425616597,2.6812259079633805e-09,0.0005000000000006111,0.0005000000000078001,0.005736085593522432,0.005736085593921198,0.005736085593721815,3.987660895932166e-13,-0.0016661147506933144,7.461323709097093e-05,4.070388092083229e-05,0.5,schwarzschild,0.5,0.19245008972987526,3.855829807065112,53.3203336090007,-0.3047293528347268,0.22164051752735187
2,60.0,77.0,69.80641941073641,69.80641940556252,69.80641940814947,5.1738879847107455e-09,0.0005000000000006111,0.0005000000000273801,0.001228240865767318,0.001228240865997162,0.00122824086588224,2.2984392167302303e-13,0.0012226280732982873,2.9979936937219527e-06,1.5505194636701013e-06,0.5,schwarzschild,0.5,0.19245008972987526,7.087223689702085,69.91172750609154,-0.1053080979420713,0.21412526814916397
3,76.0,96.0,86.1089971339995,86.10899713400116,86.10899713400033,1.6626700016786344e-12,0.0005000000000006111,0.0005000000000006111,0.00023288224250602672,0.00023288224250602815,0.00023288224250602742,1.4365678785432934e-18,2.193803767100014e-05,1.1963942134550444e-07,6.551719255514804e-08,0.5,schwarzschild,0.5,0.19245008972987526,10.22465623587035,86.24722943255836,-0.1382322985580231,0.1896063296499658
0,22.0,43.0,35.82612430765021,35.723825035548224,35.77497467159922,0.10229927210198753,0.0005000000000006111,0.10230049399976758,0.02653732052717043,0.028069910755167973,0.0273036156411692,0.0015325902279975448,-0.026331777989519807,0.0017529758467678988,0.0004883187654546874,0.5,sds_L12,0.5,0.1734721666221777,0.0,35.89910216823236,-0.12412749663314315,
1,44.0,61.0,57.32267768805864,57.015604107861726,57.16914089796018,0.30707358019691355,0.0005000000000006111,0.3070739872652034,0.005692770331706922,0.0037912968987271504,0.004742033615217037,0.0019014734329797717,-0.0052436858886769295,9.082213014809984e-05,2.222387135135735e-05,0.5,sds_L12,0.5,0.1734721666221777,3.7112923683618564,58.37826250520386,-1.2091216072436737,0.1736778629445273
2,60.0,77.0,65.46011892418572,65.80641955770004,65.63326924094288,0.3463006335143177,0.0005000000000006111,0.3463009944721756,0.0010561600341395013,0.00036694846031865794,0.0007115542472290796,0.0006892115738208434,-0.0010275490606173189,1.2033559854691701e-05,1.7758325290950284e-06,0.5,sds_L12,0.5,0.1734721666221777,5.179583050587247,76.70817493894114,-11.074905697998261,0.15005255233655967
3,76.0,96.0,79.16142770238548,82.10899728096312,80.63521249167431,2.9475695785776423,0.0005000000000006111,2.947569620985462,0.0006445049096792233,0.0001738749642080158,0.00040918993694361955,0.0004706299454712075,-0.00045682640593922296,2.1290442041257184e-06,4.344683226241831e-07,0.5,sds_L12,0.5,0.1734721666221777,7.782002649834585,94.82762826531109,-14.192415773636782,0.5750649912316297
0,22.0,43.0,34.31267014301315,34.24932599250521,34.280998067759185,0.06334415050793751,0.0005000000000006111,0.0633461238243686,0.026382585363442866,0.0270710318168526,0.026726808590147734,0.0006884464534097322,-0.026288084096422266,0.0016051264969286023,0.0005044140766964644,0.5,sds_L20,0.5,0.18584142981864143,0.0,34.361266972403115,-0.08026890464392977,
1,44.0,61.0,54.41716543505916,54.83934277761554,54.62825410633735,0.42217734255638106,0.0005000000000006111,0.42217763864038077,0.005511749832042941,0.005163408541129027,0.005337579186585985,0.0003483412909139139,-0.004193396280297464,7.152371281045905e-05,3.029381419356634e-05,0.5,sds_L20,0.5,0.18584142981864143,3.7813631550953524,55.20487577612555,-0.5766216697881958,0.1997088117940714
2,60.0,77.0,72.005032797096,72.07815801336416,72.04159540523008,0.07312521626815283,0.0005000000000006111,0.07312692564482745,0.0010348475611153855,0.00111962761302366,0.0010772375870695228,8.478005190827457e-05,0.0009460888291236079,2.5072698381602597e-06,1.2463401073292762e-06,0.5,sds_L20,0.5,0.18584142981864143,7.017483400001576,72.33259549633163,-0.29100009110155156,0.20182137808404937
3,76.0,96.0,88.55694538177504,89.02373568230982,88.79034053204242,0.46679030053478243,0.0005000000000006111,0.466790568320904,0.000225093660112276,0.00021466090707599164,0.00021987728359413382,1.0432753036284368e-05,0.00015483644740565318,1.1765514537031048e-07,5.050374090180666e-08,0.5,sds_L20,0.5,0.18584142981864143,10.130094142036384,89.24679410350879,-0.4564535714663691,0.20411215337582106
0,22.0,43.0,33.58320597212162,33.54749391283735,33.565349942479486,0.0357120592842648,0.0005000000000006111,0.035715559330953286,0.02610095161408637,0.026346834383880725,0.026223892998983547,0.0002458827697943561,-0.02607222625107234,0.001525427181677384,0.0005051577230953735,0.5,sds_L40,0.5,0.1908193832843955,0.0,33.61041620402265,-0.04506626154316251,
1,44.0,61.0,53.43062961697999,53.59717180757394,53.513900712276964,0.16654219059395103,0.0005000000000006111,0.16654294115282076,0.005473346806620745,0.005361306557790516,0.005417326682205631,0.00011204024883022887,-0.002870444026233068,6.802111914219888e-05,3.503489713046806e-05,0.5,sds_L40,0.5,0.1908193832843955,3.8065701553102076,53.956760598160734,-0.44285988588377023,0.20657980424247496
2,60.0,77.0,70.50612589262032,70.51486799366496,70.51049694314264,0.008742101044646233,0.0005000000000006111,0.00875638799247757,0.0011492153814691688,0.0011601214877191466,0.0011546684345941577,1.0906106249977763e-05,0.0011305266461403291,2.6864499798883656e-06,1.3733269019342753e-06,0.5,sds_L40,0.5,0.1908193832843955,7.049850166017877,70.6591608948599,-0.14866395171725344,0.21314358581824377
3,76.0,96.0,86.74860566829312,86.92019630550516,86.83440098689914,0.17159063721203438,0.0005000000000006111,0.17159136568846348,0.00022324228486322244,0.00022015409520964195,0.0002216981900364322,3.088189653580487e-06,8.308335218171133e-05,1.1095877328116121e-07,5.765566801068262e-08,0.5,sds_L40,0.5,0.1908193832843955,10.164767468441141,87.13300301964787,-0.2986020327487324,0.19200160270628214
0,22.0,43.0,33.27317445064493,33.254337250330515,33.263755850487726,0.01883720031441527,0.0005000000000006111,0.018843834951660116,0.025982407252401505,0.026080062577057098,0.0260312349147293,9.765532465559265e-05,-0.025973830186010502,0.0014971413367168996,0.0005050006597247856,0.5,sds_L80,0.5,0.19204371126656825,0.0,33.28897294624613,-0.025217095758407027,
1,44.0,61.0,53.16491699214865,53.241132586833224,53.20302478949094,0.07621559468457662,0.0005000000000006111,0.07621723475122712,0.0055742260781950475,0.0055297518018513625,0.005551988940023205,4.447427634368499e-05,-0.0022342508567332457,7.039418916234854e-05,3.770618811077702e-05,0.5,sds_L80,0.5,0.19204371126656825,3.8292112069883855,53.57155370584627,-0.3685289163553307,0.2132818115702115
2,60.0,77.0,70.05847595257251,70.06232922320766,70.06040258789008,0.00385327063514751,0.0005000000000006111,0.0038855751939308424,0.0011882526454536793,0.001191938599644636,0.0011900956225491576,3.685954190956733e-06,0.0011784721822650083,2.825145892850376e-06,1.456661852160064e-06,0.5,sds_L80,0.5,0.19204371126656825,7.0665646016156085,70.18142656443705,-0.12102397654696517,0.21435482588410623
3,76.0,96.0,86.30613088270405,86.38049031343614,86.3433105980701,0.07435943073208762,0.0005000000000006111,0.07436111173725239,0.00022688256884040685,0.0002258663690079895,0.0002263744689241982,1.016199832417356e-06,4.883295386147266e-05,1.1386979020189343e-07,6.143851000357559e-08,0.5,sds_L80,0.5,0.19204371126656825,10.193594686102712,86.55081664374627,-0.20750604567616904,0.1902153613835746
0,22.0,43.0,33.12532489655794,33.115663547340084,33.120494221949016,0.009661349217857662,0.0005000000000006111,0.009674278717785605,0.025929455619849006,0.02597184432155625,0.02595064997070263,4.2388701707245235e-05,-0.02592670221137948,0.0014853739060250077,0.000504907132786686,0.5,sds_L160,0.5,0.19234857560438817,0.0,33.13527111749915,-0.014776895550134839,
1,44.0,61.0,53.077553463296184,53.11293467391915,53.09524406860767,0.0353812106229654,0.0005000000000006111,0.03538474339523519,0.005648050854927807,0.0056283646642217,0.005638207759574753,1.9686190706107685e-05,-0.001935162588890829,7.228670798141684e-05,3.915896764140491e-05,0.5,sds_L160,0.5,0.19234857560438817,3.842114681058763,53.42988802068942,-0.33464395208174835,0.2172665334371236
2,60.0,77.0,69.90853083370205,69.90993999950919,69.90923541660561,0.0014091658071464508,0.0005000000000006111,0.0014952418774336544,0.001208034093982268,0.0012095149649918053,0.0012087745294870366,1.480871009537383e-06,0.0012007533261966974,2.907523483573931e-06,1.50222405827503e-06,0.5,sds_L160,0.5,0.19234857560438817,7.076261967070674,70.02137270203195,-0.11213728542634271,0.2143898524197351
3,76.0,96.0,86.18185016384537,86.21223939915298,86.19704478149917,0.030389235307609397,0.0005000000000006111,0.030393348327903167,0.00022963909398737432,0.00022924411655291183,0.00022944160527014308,3.9497743446249324e-07,3.362568275766464e-05,1.1645028667545427e-07,6.343690226768936e-08,0.5,sds_L160,0.5,0.19234857560438817,10.209198898123764,86.36514258493172,-0.16809780343254488,0.18981340165027336
