radius,G
2.5500000000000003,0.0
2.552876198416007,0.0
2.5557523968320135,0.0
2.5586285952480203,0.0
2.5615047936640267,0.0
2.5643809920800336,0.0
2.5672571904960404,0.0
2.570133388912047,0.0
2.5730095873280536,0.0
2.5758857857440605,0.0
2.578761984160067,0.0
2.5816381825760737,0.0
2.58451438099208,0.0
2.587390579408087,0.0
2.5902667778240938,0.0
2.5931429762401,0.0
2.596019174656107,0.0
2.598895373072114,0.0
2.60177157148812,0.0
2.604647769904127,0.0
2.6075239683201334,0.0
2.6104001667361403,0.0
2.613276365152147,0.0
2.6161525635681535,0.0
2.6190287619841603,0.0
2.621904960400167,0.0
2.6247811588161736,0.0
2.6276573572321804,0.0
2.630533555648187,0.0
2.6334097540641936,0.0
2.6362859524802005,0.0
2.639162150896207,0.0
2.6420383493122137,0.0
2.6449145477282205,0.0
2.647790746144227,0.0
2.6506669445602338,0.0
2.65354314297624,0.0
2.656419341392247,0.0
2.659295539808254,0.0
2.6621717382242602,0.0
2.665047936640267,0.0
2.667924135056274,0.0
2.6708003334722803,0.0
2.673676531888287,0.0
2.6765527303042935,0.0
2.6794289287203004,0.0
2.682305127136307,0.0
2.6851813255523136,0.0
2.6880575239683204,0.0
2.690933722384327,0.0
2.6938099208003337,0.0
2.6966861192163405,0.0
2.699562317632347,0.0
2.7024385160483537,0.0
2.7053147144643606,0.0
2.708190912880367,0.0
2.711067111296374,0.0
2.71394330971238,0.0
2.716819508128387,0.0
2.719695706544394,0.0
2.7225719049604002,0.0
2.725448103376407,0.0
2.728324301792414,0.0
2.7312005002084203,0.0
2.734076698624427,0.0
2.7369528970404335,0.0
2.7398290954564404,0.0
2.742705293872447,0.0
2.7455814922884536,0.0
2.7484576907044604,0.0
2.7513338891204673,0.0
2.7542100875364737,0.0
2.7570862859524805,0.0
2.759962484368487,0.0
2.7628386827844937,0.0
2.7657148812005006,0.0
2.768591079616507,0.0
2.771467278032514,0.0
2.7743434764485206,0.0
2.777219674864527,0.0
2.780095873280534,0.0
2.7829720716965403,0.0
2.785848270112547,0.0
2.788724468528554,0.0
2.7916006669445603,0.0
2.794476865360567,0.0
2.7973530637765736,0.0
2.8002292621925804,0.0
2.8031054606085872,0.0
2.8059816590245936,0.0
2.8088578574406005,0.0
2.8117340558566073,0.0
2.8146102542726137,0.0
2.8174864526886205,0.0
2.8203626511046274,0.0
2.8232388495206338,0.0
2.8261150479366406,0.0
2.828991246352647,0.0
2.831867444768654,0.0
2.8347436431846607,0.0
2.837619841600667,0.0
2.840496040016674,0.0
2.8433722384326803,0.0
2.846248436848687,0.0
2.849124635264694,0.0
2.8520008336807003,0.0
2.854877032096707,0.0
2.8577532305127136,0.0
2.8606294289287204,0.0
2.8635056273447272,0.0
2.8663818257607336,0.0
2.8692580241767405,0.0
2.8721342225927473,0.0
2.8750104210087537,0.0
2.8778866194247605,0.0
2.8807628178407674,0.0
2.8836390162567738,0.0
2.8865152146727806,0.0
2.889391413088787,0.0
2.892267611504794,0.0
2.8951438099208007,0.0
2.898020008336807,0.0
2.900896206752814,0.0
2.9037724051688203,0.0
2.906648603584827,0.0
2.909524802000834,0.0
2.9124010004168404,0.0
2.915277198832847,0.0
2.918153397248854,0.0
2.9210295956648604,0.0
2.9239057940808673,0.0
2.926781992496874,0.0
2.9296581909128805,0.0
2.9325343893288873,0.0
2.9354105877448937,0.0
2.9382867861609006,0.0
2.9411629845769074,0.0
2.944039182992914,0.0
2.9469153814089206,0.0
2.949791579824927,0.0
2.952667778240934,0.0
2.9555439766569407,0.0
2.958420175072947,0.0
2.961296373488954,0.0
2.9641725719049608,0.0
2.967048770320967,0.0
2.969924968736974,0.0
2.972801167152981,0.0
2.975677365568987,0.0
2.978553563984994,0.0
2.9814297624010004,0.0
2.9843059608170073,0.0
2.987182159233014,0.0
2.9900583576490205,0.0
2.9929345560650273,0.0
2.9958107544810337,0.0
2.9986869528970406,0.0
3.0015631513130474,0.0
3.004439349729054,3.828601590653412e-147
3.0073155481450606,1.890862448852584e-89
3.010191746561067,2.5525847226204746e-64
3.013067944977074,2.9862546245768982e-50
3.0159441433930807,2.935539730172545e-41
3.018820341809087,5.148446036427234e-35
3.021696540225094,1.9961070336865754e-30
3.0245727386411008,6.524161497623054e-27
3.027448937057107,3.9116858341036296e-24
3.030325135473114,6.9704832424169035e-22
3.033201333889121,5.0601850411802424e-20
3.0360775323051272,1.855021524755463e-18
3.038953730721134,3.9951846103835865e-17
3.0418299291371405,5.641300133769651e-16
3.0447061275531473,5.665822668978136e-15
3.047582325969154,4.305454633769266e-14
3.0504585243851605,2.5963342894309635e-13
3.0533347228011674,1.289831529571797e-12
3.0562109212171737,5.4382159698416116e-12
3.0590871196331806,1.993129840112643e-11
3.0619633180491874,6.475050711098714e-11
3.064839516465194,1.8947355312472578e-10
3.0677157148812007,5.061009784551064e-10
3.070591913297207,1.2478182970567756e-09
3.073468111713214,2.866653843236359e-09
3.0763443101292207,6.185539190542576e-09
3.0792205085452276,1.2621855732879558e-08
3.082096706961234,2.4499749207868242e-08
3.084972905377241,4.546708415060944e-08
3.087849103793247,8.102987968726411e-08
3.090725302209254,1.3921261296453107e-07
3.093601500625261,2.3134725884005572e-07
3.0964776990412672,3.7298781802709085e-07
3.099353897457274,5.849408674434082e-07
3.1022300958732805,8.943968143742299e-07
3.1051062942892873,1.3361414438431587e-06
3.107982492705294,1.9538233070797505e-06
3.1108586911213005,2.8012496853459173e-06
3.1137348895373074,3.943682344741755e-06
3.1166110879533138,5.459104044695571e-06
3.1194872863693206,7.439427669807489e-06
3.1223634847853274,9.991621761052625e-06
3.1252396832013343,1.3238728934632669e-05
3.1281158816173407,1.732075698756527e-05
3.1309920800333475,2.239542619299678e-05
3.133868278449354,2.8638760193460402e-05
3.1367444768653607,3.624551183701714e-05
3.1396206752813676,4.542941912626736e-05
3.142496873697374,5.642329004897066e-05
3.145373072113381,6.947891834551088e-05
3.148249270529387,8.486683518300168e-05
3.151125468945394,0.00010287590421340179
3.154001667361401,0.00012381276957796136
3.1568778657774073,0.00014800116808544471
3.159754064193414,0.00017578111805140209
3.1626302626094205,0.0002075079981662232
3.1655064610254273,0.0002435515302933452
3.168382659441434,0.00028429468032193327
3.1712588578574405,0.00033013249115116267
3.1741350562734474,0.0003814708616040869
3.177011254689454,0.000438725284598254
3.1798874531054606,0.000502319557273845
3.1827636515214675,0.0005726844750329942
3.1856398499374743,0.000650256520607295
3.1885160483534807,0.0007354765583725656
3.1913922467694875,0.0008287885431949522
3.194268445185494,0.0009306382521417088
3.1971446436015007,0.001041472046442384
3.2000208420175076,0.0011617356701539637
3.202897040433514,0.001291873091082905
3.205773238849521,0.0014323253886526239
3.208649437265527,0.0015835296925883113
3.211525635681534,0.0017459181755245718
3.214401834097541,0.0019199171019293523
3.2172780325135473,0.00210594593508246
3.220154230929554,0.002304416503249326
3.2230304293455605,0.002515732225648193
3.2259066277615673,0.002740287398325502
3.228782826177574,0.0029784665396205227
3.231659024593581,0.003230643794522646
3.2345352230095874,0.0034971823968926613
3.2374114214255942,0.00377843418823498
3.2402876198416006,0.004074739191466633
3.2431638182576075,0.0043864252379261295
3.2460400166736143,0.004713807645700941
3.2489162150896207,0.005057188947219169
3.2517924135056275,0.0054168586639513645
3.254668611921634,0.005793093125991084
3.2575448103376408,0.006186155334237001
3.2604210087536476,0.006596294862866619
3.263297207169654,0.007023747799787217
3.266173405585661,0.007468736722754359
3.269049604001667,0.007931470708870732
3.271925802417674,0.00841214537521675
3.274802000833681,0.00891094294840387
3.2776781992496877,0.009428032360902757
3.280554397665694,0.009963569372054346
3.283430596081701,0.010517696711745893
3.2863067944977074,0.011090544244799848
3.289182992913714,0.011682229154208126
3.292059191329721,0.012292856141414628
3.2949353897457274,0.012922517641937305
3.2978115881617343,0.013571294054698129
3.3006877865777406,0.014239253983511616
3.3035639849937475,0.014926454489268822
3.3064401834097543,0.01563294135142696
3.3093163818257607,0.01635874933750328
3.3121925802417675,0.01710390247934303
3.315068778657774,0.01786841435501133
3.3179449770737808,0.018652288375232678
3.3208211754897876,0.01945551807337208
3.323697373905794,0.020278087398022924
3.326573572321801,0.021119971007333652
3.3294497707378072,0.021981134564266196
3.332325969153814,0.022861535032047086
3.335202167569821,0.023761120969122078
3.3380783659858277,0.024679832822990286
3.340954564401834,0.02561760322233931
3.343830762817841,0.026574357266957865
3.3467069612338474,0.02755001281494858
3.349583159649854,0.028544480766808714
3.352459358065861,0.0295576653459893
3.3553355564818674,0.030589464375583967
3.3582117548978743,0.03163976955083584
3.3610879533138807,0.032708466707183415
3.3639641517298875,0.03379543608360853
3.3668403501458943,0.034900552581065516
3.3697165485619007,0.03602368601581608
3.3725927469779076,0.03716470136750935
3.375468945393914,0.03832345902187455
3.378345143809921,0.039499815007922705
3.3812213422259276,0.04069362122956438
3.3840975406419345,0.0419047256915829
3.386973739057941,0.04313297271990855
3.3898499374739477,0.044378203176168224
3.392726135889954,0.045640254666486885
3.395602334305961,0.04691896174454773
3.3984785327219678,0.04821415610891319
3.401354731137974,0.04952566679463657
3.404230929553981,0.050853320359195216
3.4071071279699874,0.05219694106278667
3.409983326385994,0.05355635104304538
3.412859524802001,0.05493137048423253
3.4157357232180074,0.056321817780975135
3.4186119216340143,0.05772750969661999
3.4214881200500207,0.05914826151628572
3.4243643184660275,0.06058388719469749
3.4272405168820343,0.0620341994988896
3.4301167152980407,0.06349901014587005
3.4329929137140476,0.06497812993534552
3.435869112130054,0.06647136887759522
3.438745310546061,0.06797853631660684
3.4416215089620676,0.06949944104856443
3.4444977073780745,0.07103389143579973
3.447373905794081,0.07258169551630891
3.4502501042100877,0.07414266110893879
3.453126302626094,0.07571659591434965
3.456002501042101,0.07730330761185983
3.4588786994581078,0.07890260395227965
3.461754897874114,0.08051429284683606
3.464631096290121,0.0821381824522994
3.4675072947061274,0.08377408125240765
3.4703834931221342,0.08542179813570229
3.473259691538141,0.08708114246986709
3.4761358899541475,0.08875192417268007
3.4790120883701543,0.09043395377967456
3.4818882867861607,0.09212704250860415
3.4847644852021675,0.09383100232082008
3.4876406836181744,0.09554564597964041
3.490516882034181,0.09727078710582078
3.4933930804501876,0.09900624023020732
3.4962692788661944,0.1007518208436697
3.499145477282201,0.10250734544439537
3.5020216756982077,0.10427263158264236
3.5048978741142145,0.10604749790302329
3.507774072530221,0.10783176418441462
3.5106502709462277,0.10962525137756621
3.513526469362234,0.11142778164049029
3.516402667778241,0.11323917837171313
3.519278866194248,0.11505926624145595
3.522155064610254,0.1168878712208279
3.525031263026261,0.11872482060909693
3.5279074614422674,0.12056994305911004
3.5307836598582742,0.12242306860093159
3.533659858274281,0.12428402866376627
3.5365360566902875,0.1261526560962278
3.5394122551062943,0.12802878518502292
3.5422884535223007,0.12991225167210144
3.5451646519383075,0.13180289277034354
3.5480408503543144,0.13370054717782862
3.550917048770321,0.13560505509075302
3.5537932471863276,0.13751625821504443
3.556669445602334,0.13943399977672416
3.559545644018341,0.14135812453107482
3.5624218424343477,0.1432884787706527
3.5652980408503545,0.1452249103322039
3.568174239266361,0.14716726860251994
3.5710504376823677,0.14911540452328612
3.573926636098374,0.15106917059495728
3.576802834514381,0.15302842087971383
3.579679032930388,0.15499301100352486
3.5825552313463946,0.15696279815737157
3.585431429762401,0.15893764109765832
3.5883076281784074,0.1609174001458527
3.5911838265944143,0.16290193718739115
3.594060025010421,0.16489111566987705
3.596936223426428,0.16688480060061553
3.5998124218424343,0.16888285854350657
3.6026886202584407,0.17088515761533346
3.6055648186744476,0.17289156748147277
3.6084410170904544,0.1749019593510568
3.6113172155064612,0.17691620597161367
3.6141934139224676,0.17893418162321442
3.6170696123384745,0.1809557621121529
3.619945810754481,0.1829808247641759
3.6228220091704877,0.18500924841730115
3.6256982075864945,0.18704091341423
3.6285744060025014,0.1890757015943921
3.6314506044185078,0.19111349628562996
3.634326802834514,0.19315418229555587
3.637203001250521,0.1951976459025895
3.640079199666528,0.19724377484670552
3.6429553980825347,0.1992924583199001
3.645831596498541,0.20134358695640178
3.6487077949145474,0.2033970528226402
3.6515839933305543,0.20545274940698552
3.654460191746561,0.20751057160927916
3.657336390162568,0.20957041573016927
3.6602125885785743,0.21163217946026563
3.6630887869945807,0.2136957618691236
3.6659649854105876,0.21576106339407858
3.6688411838265944,0.21782798582893312
3.6717173822426012,0.21989643231251996
3.6745935806586076,0.2219663073171422
3.6774697790746145,0.22403751663691202
3.680345977490621,0.2261099673759866
3.6832221759066277,0.2281835679367259
3.6860983743226345,0.23025822800776607
3.6889745727386414,0.23233385855203278
3.6918507711546478,0.2344103717946948
3.694726969570654,0.23648768121106528
3.697603167986661,0.23856570151446838
3.700479366402668,0.24064434864406475
3.7033555648186747,0.24272353975265884
3.706231763234681,0.2448031931944822
3.7091079616506875,0.24688322851296943
3.7119841600666943,0.24896356642852446
3.714860358482701,0.2510441288262914
3.717736556898708,0.2531248387439295
3.7206127553147144,0.25520562035940286
3.723488953730721,0.25728639897878747
3.7263651521467276,0.25936710102409816
3.7292413505627344,0.26144765402115
3.7321175489787413,0.2635279865874425
3.734993747394748,0.26560802842009
3.7378699458107545,0.26768771028378574
3.740746144226761,0.2697669639988159
3.7436223426427677,0.27184572242911814
3.7464985410587746,0.27392391947039363
3.7493747394747814,0.27600149003827495
3.752250937890788,0.27807837005655034
3.755127136306794,0.28015449644545337
3.758003334722801,0.282229807110012
3.760879533138808,0.2843042409284665
3.7637557315548147,0.2863777377407566
3.766631929970821,0.28845023833708094
3.769508128386828,0.29052168444652876
3.7723843268028343,0.2925920187257883
3.775260525218841,0.2946611847479313
3.778136723634848,0.29672912699127946
3.7810129220508544,0.29879579082834845
3.783889120466861,0.3008611225148801
3.7867653188828676,0.30292506917894974
3.7896415172988744,0.3049875788101692
3.7925177157148813,0.3070486002489665
3.795393914130888,0.30910808317596045
3.7982701125468945,0.3111659781014199
3.801146310962901,0.3132222363548137
3.8040225093789077,0.31527681007445096
3.8068987077949146,0.31732965219721093
3.8097749062109214,0.31938071644836746
3.812651104626928,0.3214299573315018
3.815527303042934,0.3234773301185134
3.818403501458941,0.325522790839718
3.821279699874948,0.3275662962740442
3.8241558982909547,0.32960780393931993
3.827032096706961,0.33164727208265693
3.829908295122968,0.33368465967092764
3.8327844935389743,0.33571992638133463
3.835660691954981,0.3377530325920797
3.838536890370988,0.33978393937312107
3.841413088786995,0.34181260847703177
3.8442892872030012,0.3438390023299456
3.8471654856190076,0.34586308402260535
3.8500416840350145,0.3478848173014983
3.8529178824510213,0.34990416656008955
3.855794080867028,0.351921096830147
3.8586702792830345,0.3539355737731628
3.861546477699041,0.35594756367186625
3.8644226761150478,0.3579570334218294
3.8672988745310546,0.35996395052316477
3.8701750729470614,0.3619682830723175
3.873051271363068,0.3639699997539483
3.8759274697790747,0.36596906983290667
3.878803668195081,0.3679654631462961
3.881679866611088,0.3699591500956302
3.8845560650270947,0.37195010163907755
3.8874322634431016,0.37393828928379624
3.890308461859108,0.3759236850783575
3.8931846602751143,0.37790626160525953
3.896060858691121,0.37988599197352596
3.898937057107128,0.38186284981139096
3.901813255523135,0.383836809259076
3.9046894539391412,0.3858078449616467
3.9075656523551476,0.3877759320619597
3.9104418507711545,0.3897410461936902
3.9133180491871613,0.3917031634744452
3.916194247603168,0.3936622604989621
3.9190704460191745,0.3956183143323852
3.921946644435181,0.39757130250362976
3.9248228428511878,0.39952120299882254
3.9276990412671946,0.40146799425482615
3.9305752396832014,0.40341165515284183
3.933451438099208,0.40535216501209
3.9363276365152147,0.40728950358357463
3.939203834931221,0.40922365104391806
3.942080033347228,0.41115458798927906
3.9449562317632347,0.41308229542934266
3.9478324301792416,0.41500675478138904
3.950708628595248,0.41692794786443516
3.9535848270112544,0.41884585689345116
3.956461025427261,0.4207604644736505
3.959337223843268,0.4226717535948524
3.962213422259275,0.4245797076259152
3.9650896206752813,0.4264843103092431
3.9679658190912876,0.42838554575536286
3.9708420175072945,0.43028339843756874
3.9737182159233013,0.4321778531866359
3.976594414339308,0.43406889518560565
3.9794706127553146,0.43595650996463664
3.9823468111713214,0.4378406833959195
3.985223009587328,0.4397214016886634
3.9880992080033346,0.44159865138414334
3.9909754064193415,0.4434724193508149
3.9938516048353483,0.44534269277949035
3.9967278032513547,0.44720945917858035
3.999604001667361,0.44907270636939883
4.002480200083368,0.45093242248152654
4.005356398499375,0.452788595948237
4.008232596915382,0.45464121550198394
4.011108795331388,0.4564902701699491
4.013984993747394,0.4583357492696452
4.016861192163401,0.460177642404583
4.019737390579408,0.46201593945998953
4.022613588995415,0.46385063059858933
4.025489787411422,0.46568170625643823
4.028365985827428,0.4675091571388131
4.0312421842434345,0.46933297421616027
4.034118382659441,0.47115314872009284
4.036994581075448,0.47296967213944474
4.039870779491455,0.47478253621637795
4.042746977907461,0.4765917329425413
4.045623176323468,0.4783972545552831
4.048499374739475,0.48019909353390894
4.0513755731554815,0.481997242595998
4.054251771571488,0.48379169469376404
4.057127969987494,0.4855824430104666
4.060004168403501,0.4873694809568731
4.062880366819508,0.4891528021677645
4.065756565235515,0.4909324004984935
4.068632763651522,0.4927082700215857
4.0715089620675275,0.49448040502338886
4.074385160483534,0.49624880000076954
4.077261358899541,0.4980134496578501
4.080137557315548,0.4997743489027945
4.083013755731555,0.5015314928446358
4.085889954147561,0.5032848767901491
4.088766152563569,0.5050344962407672
4.0916423509795745,0.5067803468895327
4.094518549395581,0.5085224246181034
4.097394747811588,0.5102607254937876
4.100270946227595,0.5119952457666267
4.103147144643602,0.5137259818665156
4.106023343059608,0.5154529304003637
4.108899541475615,0.5171760881492959
4.1117757398916215,0.5188954520658883
4.114651938307628,0.5206110192714472
4.117528136723635,0.5223227870533219
4.120404335139641,0.5240307528622573
4.123280533555648,0.5257349143097828
4.126156731971655,0.5274352691656337
4.129032930387662,0.529131815355214
4.1319091288036685,0.530824550957091
4.134785327219674,0.5325134742005249
4.137661525635681,0.5341985834630342
4.140537724051688,0.5358798772679939
4.143413922467695,0.5375573542822663
4.146290120883702,0.539231013313867
4.149166319299708,0.5409008533096614
4.1520425177157145,0.5425668733530965
4.154918716131721,0.5442290726619585
4.157794914547728,0.5458874505861672
4.160671112963735,0.5475420066056005
4.163547311379741,0.5491927403279454
4.166423509795748,0.5508396514865854
4.169299708211755,0.5524827399385107
4.1721759066277615,0.5541220056622631
4.175052105043768,0.5557574487559055
4.177928303459774,0.5573890694350244
4.180804501875781,0.5590168680307571
4.183680700291788,0.5606408449878474
4.186556898707795,0.5622610008627281
4.189433097123802,0.5638773363216322
4.192309295539808,0.565489852138729
4.195185493955815,0.5670985491942898
4.198061692371821,0.5687034284728703
4.200937890787828,0.5703044910615327
4.203814089203835,0.5719017381480808
4.206690287619842,0.5734951710193258
4.209566486035849,0.5750847910593738
4.2124426844518545,0.5766705997479418
4.215318882867861,0.5782525986586934
4.218195081283868,0.5798307894575983
4.221071279699875,0.5814051739013172
4.223947478115882,0.5829757538356088
4.226823676531888,0.5845425311937577
4.229699874947895,0.5861055079950287
4.2325760733639015,0.5876646863431368
4.235452271779908,0.5892200684247453
4.238328470195915,0.5907716565079802
4.241204668611921,0.5923194529409694
4.244080867027928,0.5938634601504016
4.246957065443935,0.5954036806401031
4.249833263859942,0.5969401169896391
4.2527094622759485,0.5984727718529317
4.255585660691954,0.6000016479568991
4.258461859107961,0.6015267481001155
4.261338057523968,0.603048075151485
4.264214255939975,0.6045656320489406
4.267090454355982,0.6060794217981591
4.269966652771988,0.607589447471293
4.272842851187995,0.6090957122057242
4.275719049604001,0.6105982192028299
4.278595248020008,0.6120969717267731
4.281471446436015,0.6135919731033044
4.284347644852021,0.6150832267185844
4.287223843268028,0.6165707360180231
4.290100041684035,0.6180545045051334
4.2929762401000415,0.6195345357404027
4.295852438516048,0.621010833340181
4.298728636932054,0.622483400975585
4.301604835348062,0.6239522423714186
4.304481033764068,0.6254173613051031
4.307357232180075,0.6268787616056346
4.310233430596082,0.6283364471525444
4.3131096290120885,0.6297904218748813
4.315985827428095,0.631240689750206
4.318862025844101,0.6326872548036017
4.321738224260108,0.6341301211066984
4.324614422676115,0.6355692927767093
4.327490621092122,0.6370047739754838
4.330366819508129,0.6384365689085743
4.333243017924135,0.6398646818243127
4.336119216340141,0.641289117012907
4.338995414756148,0.6427098788055432
4.341871613172155,0.6441269715735064
4.344747811588162,0.6455403997273126
4.347624010004168,0.64695016771585
4.350500208420175,0.6483562800255411
4.3533764068361815,0.649758741179506
4.356252605252188,0.6511575557367468
4.359128803668195,0.6525527282913395
4.362005002084201,0.6539442634716387
4.364881200500208,0.655332165939496
4.367757398916215,0.6567164403894845
4.370633597332222,0.6580970915481403
4.3735097957482285,0.6594741241732129
4.3763859941642345,0.6608475430529244
4.379262192580241,0.6622173530052448
4.382138390996248,0.6635835588771719
4.385014589412255,0.6649461655440262
4.387890787828262,0.6663051779087543
4.390766986244268,0.667660600901242
4.393643184660275,0.6690124394776409
4.396519383076281,0.6703606986196996
4.399395581492288,0.6717053833341087
4.402271779908295,0.6730464986518542
4.405147978324301,0.674384049627581
4.408024176740309,0.6757180413389666
4.410900375156315,0.6770484788860982
4.413776573572322,0.67837536739087
4.416652771988328,0.6796987119963788
4.419528970404335,0.6810185178663343
4.422405168820342,0.6823347901844768
4.425281367236348,0.6836475341540034
4.428157565652355,0.6849567549970038
4.431033764068362,0.6862624579539021
4.4339099624843685,0.6875646482829085
4.436786160900375,0.6888633312594813
4.439662359316381,0.6901585121757914
4.442538557732388,0.6914501963402019
4.445414756148395,0.6927383890767485
4.448290954564402,0.6940230957246328
4.451167152980409,0.6953043216377207
4.454043351396415,0.6965820721840493
4.456919549812421,0.6978563527453412
4.459795748228428,0.6991271687165256
4.462671946644435,0.7003945255052662
4.465548145060442,0.7016584285314975
4.468424343476448,0.7029188832269678
4.471300541892455,0.7041758950347891
4.474176740308462,0.7054294694089922
4.477052938724468,0.7066796118140908
4.479929137140475,0.7079263277246518
4.482805335556481,0.7091696226248703
4.485681533972488,0.7104095020081543
4.488557732388495,0.711645971376712
4.491433930804502,0.7128790362411489
4.4943101292205085,0.7141087021200678
4.4971863276365145,0.715334974539678
4.500062526052522,0.7165578590334091
4.502938724468528,0.717777361141528
4.505814922884535,0.7189934864107695
4.508691121300542,0.720206240393963
4.511567319716549,0.7214156286496711
4.5144435181325555,0.7226216567418334
4.5173197165485615,0.7238243302394122
4.520195914964568,0.7250236547160489
4.523072113380575,0.7262196357497211
4.525948311796582,0.7274122789224068
4.528824510212589,0.7286015898197552
4.531700708628595,0.7297875740307599
4.534576907044602,0.7309702371474402
4.537453105460608,0.732149584764525
4.540329303876615,0.7333256224791417
4.543205502292622,0.7344983558905122
4.546081700708628,0.735667790599651
4.548957899124635,0.7368339322090716
4.551834097540642,0.7379967863224921
4.554710295956649,0.7391563585445504
4.557586494372655,0.7403126544805225
4.560462692788661,0.7414656797360433
4.563338891204668,0.7426154399168358
4.566215089620675,0.7437619406284394
4.569091288036682,0.7449051874759476
4.571967486452689,0.7460451860637469
4.574843684868695,0.74718194199526
4.577719883284702,0.7483154608726965
4.580596081700708,0.7494457482967993
4.583472280116715,0.750572809866608
4.586348478532722,0.7516966511792128
4.589224676948728,0.752817277829521
4.592100875364736,0.7539346954100261
4.594977073780742,0.7550489095105742
4.597853272196748,0.7561599257181462
4.600729470612755,0.7572677496166303
4.603605669028761,0.7583723867866087
4.606481867444769,0.7594738428051426
4.609358065860775,0.760572123245559
4.612234264276782,0.7616672336772493
4.615110462692789,0.7627591796654605
4.6179866611087945,0.7638479667710978
4.620862859524802,0.7649336005505278
4.623739057940808,0.7660160865553833
4.626615256356815,0.7670954303323755
4.629491454772822,0.7681716374231041
4.632367653188828,0.7692447133638753
4.6352438516048355,0.7703146636855212
4.6381200500208415,0.7713814939132189
4.640996248436848,0.7724452095663206
4.643872446852855,0.7735058161581773
4.646748645268861,0.7745633191959725
4.649624843684869,0.7756177241805556
4.652501042100875,0.7766690366062774
4.655377240516882,0.7777172619608324
4.6582534389328885,0.7787624057250989
4.661129637348895,0.7798044733729844
4.664005835764902,0.7808434703712752
4.666882034180908,0.7818794021794844
4.669758232596915,0.7829122742497072
4.672634431012922,0.7839420920264748
4.675510629428929,0.7849688609466138
4.678386827844935,0.7859925864391059
4.681263026260941,0.7870132739249516
4.684139224676949,0.7880309288170372
4.687015423092955,0.789045556519999
4.689891621508962,0.7900571624300978
4.692767819924969,0.7910657519350897
4.695644018340975,0.7920713304140999
4.698520216756982,0.7930739032375033
4.701396415172988,0.7940734757667993
4.704272613588995,0.7950700533544987
4.707148812005002,0.7960636413440031
4.710025010421008,0.7970542450694931
4.712901208837016,0.7980418698558172
4.715777407253022,0.7990265210183783
4.7186536056690285,0.8000082038630313
4.721529804085035,0.8009869236859718
4.724406002501041,0.801962685773636
4.727282200917049,0.8029354954025987
4.730158399333055,0.8039053578394701
4.733034597749062,0.8048722783408025
4.735910796165069,0.8058362621529909
4.7387869945810746,0.8067973145121788
4.741663192997082,0.8077554406441689
4.744539391413088,0.8087106457643273
4.747415589829095,0.8096629350774998
4.750291788245102,0.8106123137779215
4.753167986661109,0.811558787049133
4.756044185077116,0.8125023600638951
4.7589203834931215,0.8134430379841079
4.761796581909128,0.8143808259607312
4.764672780325135,0.8153157291337036
4.767548978741142,0.8162477526318671
4.770425177157149,0.8171769015728901
4.773301375573155,0.8181031810631945
4.776177573989162,0.8190265961978831
4.7790537724051685,0.8199471520606678
4.781929970821175,0.8208648537238004
4.784806169237182,0.8217797062480049
4.787682367653188,0.8226917146824098
4.790558566069196,0.8236008840644856
4.793434764485202,0.8245072194199765
4.796310962901209,0.8254107257628432
4.7991871613172155,0.8263114080951971
4.802063359733221,0.8272092714072434
4.804939558149229,0.8281043206772231
4.807815756565235,0.8289965608713523
4.810691954981242,0.8298859969437711
4.813568153397249,0.8307726338364858
4.816444351813255,0.8316564764793163
4.819320550229262,0.8325375297898459
4.822196748645268,0.8334157986733661
4.825072947061275,0.834291288022832
4.827949145477282,0.8351640027188103
4.830825343893288,0.8360339476294328
4.833701542309296,0.8369011276103516
4.836577740725302,0.8377655475046906
4.8394539391413085,0.8386272121430061
4.842330137557315,0.8394861263432398
4.845206335973321,0.8403422949106786
4.848082534389329,0.8411957226379154
4.850958732805335,0.8420464143048052
4.853834931221342,0.8428943746784313
4.856711129637349,0.8437396085130638
4.8595873280533555,0.8445821205501246
4.862463526469362,0.8454219155181508
4.865339724885368,0.846258998132761
4.868215923301375,0.8470933730966209
4.871092121717382,0.8479250450994098
4.873968320133389,0.8487540188177892
4.876844518549396,0.8495802989153722
4.8797207169654016,0.8504038900426916
4.882596915381408,0.8512247968371732
4.885473113797415,0.8520430239231045
4.888349312213422,0.8528585759116093
4.891225510629429,0.8536714574006196
4.894101709045435,0.8544816729748503
4.896977907461443,0.8552892272057745
4.8998541058774485,0.8560941246515971
4.902730304293455,0.8568963698572347
4.905606502709462,0.8576959673542894
4.908482701125468,0.8584929216610283
4.911358899541476,0.859287237282364
4.914235097957482,0.8600789187098298
4.917111296373489,0.860867970421564
4.9199874947894955,0.8616543968822892
4.922863693205501,0.8624382025432933
4.925739891621509,0.8632193918424135
4.928616090037515,0.8639979692040171
4.931492288453522,0.8647739390389876
4.934368486869529,0.8655473057447075
4.937244685285535,0.8663180737050433
4.9401208837015425,0.8670862472903325
4.942997082117548,0.8678518308573674
4.945873280533555,0.8686148287493852
4.948749478949562,0.8693752452960527
4.951625677365568,0.8701330848134556
4.954501875781576,0.8708883516040878
4.957378074197582,0.8716410499568389
4.9602542726135885,0.8723911841469864
4.963130471029595,0.8731387584361837
4.966006669445602,0.8738837770724529
4.968882867861609,0.8746262442901753
4.971759066277615,0.8753661643100838
4.974635264693622,0.876103541339256
4.977511463109629,0.876838379571106
4.9803876615256355,0.8775706831853788
4.983263859941642,0.8783004563481448
4.986140058357648,0.8790277032117932
4.989016256773656,0.8797524279150293
4.991892455189662,0.8804746345828661
4.994768653605669,0.8811943273266252
4.997644852021676,0.8819115102439294
5.000521050437682,0.8826261874187015
5.003397248853689,0.8833383629211622
5.006273447269695,0.8840480408078248
5.009149645685702,0.884755225121498
5.012025844101709,0.8854599198912808
5.014902042517715,0.8861621291325632
5.017778240933723,0.8868618568470267
5.0206544393497285,0.8875591070226407
5.023530637765735,0.8882538836336669
5.026406836181742,0.8889461906406578
5.029283034597748,0.8896360319904577
5.032159233013756,0.8903234116162053
5.035035431429762,0.8910083334373332
5.037911629845769,0.8916908013595736
5.0407878282617755,0.8923708192749572
5.0436640266777815,0.8930483910618187
5.046540225093789,0.8937235205847983
5.049416423509795,0.8943962116948457
5.052292621925802,0.8950664682292258
5.055168820341809,0.8957342940115189
5.058045018757815,0.896399692851629
5.0609212171738225,0.8970626685457873
5.063797415589828,0.8977232248765562
5.066673614005835,0.8983813656128365
5.069549812421842,0.8990370945098721
5.072426010837849,0.8996904153092564
5.075302209253856,0.9003413317389378
5.078178407669862,0.9009898475132275
5.081054606085869,0.9016359663328056
5.083930804501875,0.9022796918847283
5.086807002917882,0.9029210278424351
5.089683201333889,0.9035599778657569
5.092559399749895,0.9041965456009229
5.095435598165903,0.9048307346805711
5.098311796581909,0.9054625487237524
5.1011879949979155,0.9060919913359443
5.104064193413922,0.9067190661090554
5.106940391829928,0.9073437766214373
5.109816590245936,0.9079661264378927
5.112692788661942,0.9085861191096843
5.115568987077949,0.9092037581745466
5.118445185493956,0.9098190471566933
5.121321383909962,0.9104319895668292
5.124197582325969,0.9110425889021602
5.127073780741975,0.9116508486464028
5.129949979157982,0.9122567722697962
5.132826177573989,0.9128603632291129
5.135702375989995,0.913461624967669
5.138578574406003,0.9140605609153366
5.141454772822009,0.9146571744885533
5.144330971238015,0.9152514690903369
5.147207169654022,0.9158434481102949
5.150083368070028,0.9164331149246363
5.152959566486036,0.9170204728961854
5.155835764902042,0.9176055253743925
5.158711963318049,0.9181882756953478
5.1615881617340555,0.9187687271817919
5.1644643601500615,0.9193468831431305
5.167340558566069,0.9199227468754473
5.170216756982075,0.9204963216615138
5.173092955398082,0.9210676107708079
5.175969153814089,0.9216366174595221
5.178845352230096,0.9222033449705797
5.1817215506461025,0.9227677965336474
5.1845977490621085,0.923329975365149
5.187473947478115,0.92388988466828
5.190350145894122,0.9244475276330203
5.193226344310129,0.9250029074361483
5.196102542726136,0.925556027241256
5.198978741142142,0.9261068901987626
5.2018549395581495,0.926655499445929
5.204731137974155,0.9272018581068711
5.207607336390162,0.9277459692925766
5.210483534806169,0.9282878361009176
5.213359733222175,0.928827461616666
5.216235931638183,0.9293648489115088
5.219112130054189,0.9299000010440621
5.221988328470196,0.9304329210598868
5.224864526886202,0.930963611991503
5.227740725302208,0.9314920768584055
5.230616923718216,0.9320183186670797
5.233493122134222,0.932542340411015
5.236369320550229,0.9330641450707226
5.239245518966236,0.9335837356137483
5.242121717382242,0.9341011149946906
5.244997915798249,0.9346162861552146
5.247874114214255,0.9351292520240672
5.250750312630262,0.9356400155170949
5.253626511046269,0.936148579537257
5.256502709462275,0.9366549469746436
5.259378907878283,0.9371591207064904
5.262255106294289,0.9376611035971933
5.2651313047102954,0.9381608984983276
5.268007503126302,0.9386585082486609
5.270883701542308,0.9391539356741704
5.273759899958316,0.9396471835880593
5.276636098374322,0.9401382547907716
5.279512296790329,0.9406271520700104
5.282388495206336,0.9411138782007518
5.285264693622342,0.9415984359452626
5.288140892038349,0.9420808280531157
5.291017090454355,0.9425610572612071
5.293893288870362,0.9430391262937716
5.296769487286369,0.9435150378624001
5.299645685702376,0.9439887946660541
5.3025218841183825,0.9444603993910841
5.3053980825343885,0.9449298547112445
5.308274280950396,0.9453971632877115
5.311150479366402,0.9458623277690978
5.314026677782409,0.9463253507914706
5.316902876198416,0.946786234978367
5.319779074614422,0.9472449829408106
5.3226552730304295,0.9477015972773296
5.3255314714464355,0.9481560805739699
5.328407669862442,0.9486084354043155
5.331283868278449,0.9490586643295024
5.334160066694455,0.9495067698982356
5.337036265110463,0.9499527546468068
5.339912463526469,0.9503966210991085
5.342788661942476,0.950838371766654
5.345664860358482,0.9512780091485901
5.348541058774488,0.9517155357317166
5.351417257190496,0.9521509539905015
5.354293455606502,0.9525842663870973
5.357169654022509,0.9530154753713577
5.360045852438516,0.953444583380855
5.362922050854522,0.9538715928408952
5.365798249270529,0.954296506164535
5.368674447686535,0.9547193257525987
5.371550646102542,0.9551400539936936
5.374426844518549,0.9555586932642282
5.377303042934555,0.9559752459284261
5.380179241350563,0.9563897143383447
5.383055439766569,0.9568021008338902
5.3859316381825755,0.9572124077428341
5.388807836598582,0.9576206373808304
5.391684035014589,0.9580267920514308
5.394560233430596,0.9584308740461012
5.397436431846602,0.9588328856442387
5.400312630262609,0.9592328291131874
5.403188828678616,0.9596307067082539
5.406065027094622,0.9600265206727243
5.408941225510629,0.96042027323788
5.411817423926635,0.9608119666230143
5.414693622342643,0.9612016030354475
5.417569820758649,0.9615891846705439
5.420446019174656,0.9619747137117275
5.423322217590663,0.9623581923304972
5.4261984160066685,0.9627396226864444
5.429074614422676,0.9631190069272676
5.431950812838682,0.9634963471887878
5.434827011254689,0.9638716455949665
5.437703209670696,0.964244904257919
5.440579408086702,0.9646161252779317
5.4434556065027095,0.9649853107434777
5.4463318049187155,0.9653524627312311
5.449208003334722,0.9657175833060846
5.452084201750729,0.9660806745211638
5.454960400166735,0.9664417384178429
5.457836598582743,0.9668007770257607
5.460712796998749,0.9671577923628352
5.463588995414756,0.9675127864352798
5.4664651938307625,0.9678657612376184
5.469341392246768,0.9682167187526998
5.472217590662776,0.9685656609517151
5.475093789078782,0.9689125897942106
5.477969987494789,0.9692575072281041
5.480846185910796,0.9696004151896999
5.483722384326803,0.9699413156037033
5.486598582742809,0.9702802103832369
5.489474781158815,0.9706171014298534
5.492350979574822,0.9709519906335533
5.495227177990829,0.9712848798727969
5.498103376406836,0.9716157710145206
5.500979574822843,0.9719446659141517
5.503855773238849,0.9722715664156227
5.5067319716548555,0.9725964743513854
5.509608170070862,0.9729193915424266
5.512484368486869,0.9732403197982811
5.515360566902876,0.9735592609170477
5.518236765318882,0.9738762166854023
5.52111296373489,0.9741911888786134
5.523989162150896,0.9745041792605545
5.5268653605669025,0.9748151895837206
5.529741558982909,0.9751242215892405
5.532617757398915,0.9754312770068914
5.535493955814923,0.9757363575551132
5.538370154230929,0.9760394649410224
5.541246352646936,0.9763406008604255
5.544122551062943,0.9766397669978331
5.5469987494789486,0.9769369650264731
5.549874947894956,0.9772321966083058
5.552751146310962,0.977525463394036
5.555627344726969,0.9778167670231267
5.558503543142976,0.9781061091238136
5.561379741558982,0.9783934913131176
5.56425593997499,0.9786789151968581
5.5671321383909955,0.9789623823696668
5.570008336807002,0.9792438944150003
5.572884535223009,0.9795234529051535
5.575760733639015,0.9798010594012728
5.578636932055023,0.9800767154533689
5.581513130471029,0.9803504226003298
5.584389328887036,0.980622182369933
5.5872655273030425,0.9808919962788594
5.590141725719049,0.9811598658327052
5.593017924135056,0.9814257925259948
5.595894122551062,0.9816897778421925
5.598770320967069,0.9819518232537167
5.601646519383076,0.9822119302219506
5.604522717799083,0.9824701001972554
5.6073989162150895,0.9827263346189828
5.610275114631095,0.9829806349154857
5.613151313047103,0.9832330025041324
5.616027511463109,0.9834834387913164
5.618903709879116,0.9837319451724704
5.621779908295123,0.9839785230320768
5.624656106711129,0.9842231737436796
5.627532305127136,0.9844658986698972
5.630408503543142,0.9847066991624321
5.633284701959149,0.9849455765620847
5.636160900375156,0.9851825321987627
5.639037098791162,0.9854175673914946
5.64191329720717,0.9856506834484386
5.644789495623176,0.9858818816668957
5.6476656940391825,0.9861111633333203
5.650541892455189,0.9863385297233309
5.653418090871195,0.986563982101722
5.656294289287203,0.9867875217224739
5.659170487703209,0.9870091498287641
5.662046686119216,0.9872288676529786
5.664922884535223,0.9874466764167211
5.667799082951229,0.9876625773308254
5.670675281367236,0.9878765715953644
5.673551479783242,0.9880886603996611
5.676427678199249,0.9882988449222996
5.679303876615256,0.9885071263311341
5.682180075031262,0.9887135057833003
5.68505627344727,0.9889179844252242
5.6879324718632756,0.9891205633926334
5.690808670279282,0.9893212438105664
5.693684868695289,0.9895200267933822
5.696561067111296,0.9897169134447711
5.699437265527303,0.9899119048577623
5.702313463943309,0.9901050021147365
5.705189662359316,0.9902962062874328
5.7080658607753225,0.9904855184369591
5.710942059191329,0.990672939613802
5.713818257607336,0.9908584708578351
5.716694456023342,0.9910421131983281
5.71957065443935,0.9912238676539575
5.722446852855356,0.9914037352328132
5.725323051271363,0.9915817169324098
5.7281992496873695,0.991757813739694
5.731075448103375,0.9919320266310526
5.733951646519383,0.9921043565723238
5.736827844935389,0.9922748045188028
5.739704043351396,0.9924433714152527
5.742580241767403,0.9926100581959114
5.745456440183409,0.9927748657845004
5.7483326385994165,0.9929377950942325
5.751208837015422,0.9930988470278211
5.754085035431429,0.9932580224774875
5.756961233847436,0.9934153223249688
5.759837432263442,0.9935707474415254
5.76271363067945,0.9937242986879504
5.765589829095456,0.9938759769145746
5.7684660275114625,0.9940257829612775
5.771342225927469,0.9941737176574914
5.774218424343475,0.9943197818222115
5.777094622759483,0.9944639762640015
5.779970821175489,0.9946063017810021
5.782847019591496,0.9947467591609371
5.785723218007503,0.9948853491811214
5.788599416423509,0.995022072608467
5.791475614839516,0.9951569301994909
5.794351813255522,0.9952899227003216
5.797228011671529,0.9954210508467051
5.800104210087536,0.9955503153640125
5.802980408503543,0.9956777169672464
5.80585660691955,0.9958032563610464
5.808732805335556,0.9959269342396965
5.811609003751562,0.9960487512871311
5.814485202167569,0.9961687081769414
5.817361400583576,0.9962868055723803
5.820237598999583,0.9964030441263704
5.823113797415589,0.9965174244815076
5.825989995831597,0.9966299472700695
5.8288661942476026,0.9967406131140183
5.831742392663609,0.9968494226250089
5.834618591079616,0.9969563764043932
5.837494789495622,0.9970614750432256
5.84037098791163,0.9971647191222686
5.843247186327636,0.9972661092119979
5.846123384743643,0.9973656458726081
5.8489995831596495,0.9974633296540172
5.8518757815756555,0.9975591610958715
5.854751979991663,0.9976531407275512
5.857628178407669,0.9977452690681744
5.860504376823676,0.9978355466266027
5.863380575239683,0.9979239739014452
5.866256773655689,0.9980105513810632
5.8691329720716965,0.9980952795435744
5.872009170487702,0.9981781588568577
5.874885368903709,0.9982591897785577
5.877761567319716,0.9983383727560878
5.880637765735722,0.9984157082266355
5.88351396415173,0.9984911966171656
5.886390162567736,0.9985648383444243
5.889266360983743,0.9986366338149429
5.892142559399749,0.998706583425042
5.895018757815755,0.9987746875608347
5.897894956231763,0.9988409465982299
5.900771154647769,0.9989053609029364
5.903647353063776,0.9989679308304658
5.906523551479783,0.9990286567261357
5.9093997498957895,0.9990875389250733
5.912275948311796,0.9991445777522181
5.915152146727802,0.9991997735223245
5.918028345143809,0.9992531265399656
5.920904543559816,0.9993046370995353
5.923780741975823,0.9993543054852518
5.92665694039183,0.9994021319711588
5.929533138807836,0.999448116821129
5.932409337223843,0.999492260288867
5.935285535639849,0.9995345626179101
5.938161734055856,0.9995750240416319
5.941037932471863,0.9996136447832441
5.943914130887869,0.9996504250557983
5.946790329303877,0.9996853650621876
5.949666527719883,0.9997184649951496
5.952542726135889,0.9997497250372672
5.955418924551896,0.9997791453609702
5.958295122967902,0.999806726128538
5.96117132138391,0.9998324674920998
5.964047519799916,0.9998563695936367
5.966923718215923,0.9998784325649828
5.9697999166319295,0.9998986565278263
5.9726761150479355,0.9999170415937114
5.975552313463943,0.9999335878640377
5.978428511879949,0.9999482954300634
5.981304710295956,0.9999611643729034
5.984180908711963,0.9999721947635327
5.987057107127969,0.9999813866627854
5.9899333055439765,0.9999887401213557
5.9928095039599825,0.9999942551797983
5.995685702375989,0.9999979318685294
5.998561900791996,0.9999997702078256
6.001438099208002,0.9999997702078256
6.00431429762401,0.9999979318685294
6.007190496040016,0.9999942551797983
6.010066694456023,0.9999887401213557
6.012942892872029,0.9999813866627854
6.015819091288036,0.9999721947635327
6.018695289704043,0.9999611643729034
6.021571488120049,0.9999482954300634
6.024447686536056,0.9999335878640377
6.027323884952063,0.9999170415937114
6.03020008336807,0.9998986565278263
6.033076281784076,0.9998784325649828
6.035952480200082,0.9998563695936367
6.03882867861609,0.9998324674920998
6.041704877032096,0.999806726128538
6.044581075448103,0.9997791453609702
6.04745727386411,0.9997497250372672
6.050333472280116,0.9997184649951496
6.053209670696123,0.9996853650621876
6.056085869112129,0.9996504250557983
6.058962067528136,0.9996136447832441
6.061838265944143,0.9995750240416319
6.064714464360149,0.9995345626179101
6.067590662776157,0.999492260288867
6.070466861192163,0.999448116821129
6.0733430596081694,0.9994021319711588
6.076219258024176,0.9993543054852518
6.079095456440182,0.9993046370995353
6.08197165485619,0.9992531265399656
6.084847853272196,0.9991997735223245
6.087724051688203,0.9991445777522181
6.09060025010421,0.9990875389250733
6.0934764485202155,0.9990286567261357
6.096352646936223,0.9989679308304658
6.099228845352229,0.9989053609029364
6.102105043768236,0.9988409465982299
6.104981242184243,0.9987746875608347
6.10785744060025,0.998706583425042
6.1107336390162565,0.9986366338149429
6.1136098374322625,0.9985648383444243
6.116486035848269,0.9984911966171656
6.119362234264276,0.9984157082266355
6.122238432680283,0.9983383727560878
6.12511463109629,0.9982591897785577
6.127990829512296,0.9981781588568577
6.130867027928303,0.9980952795435744
6.1337432263443095,0.9980105513810632
6.136619424760316,0.9979239739014452
6.139495623176323,0.9978355466266027
6.142371821592329,0.9977452690681744
6.145248020008337,0.9976531407275512
6.148124218424343,0.9975591610958715
6.15100041684035,0.9974633296540172
6.153876615256356,0.9973656458726081
6.156752813672362,0.9972661092119981
6.15962901208837,0.9971647191222686
6.162505210504376,0.9970614750432256
6.165381408920383,0.9969563764043932
6.16825760733639,0.9968494226250089
6.171133805752396,0.9967406131140183
6.174010004168403,0.9966299472700695
6.176886202584409,0.9965174244815076
6.179762401000416,0.9964030441263704
6.182638599416423,0.9962868055723803
6.185514797832429,0.9961687081769414
6.188390996248437,0.9960487512871311
6.191267194664443,0.9959269342396965
6.1941433930804495,0.9958032563610464
6.197019591496456,0.9956777169672464
6.199895789912462,0.9955503153640125
6.20277198832847,0.9954210508467051
6.205648186744476,0.9952899227003216
6.208524385160483,0.9951569301994909
6.21140058357649,0.995022072608467
6.2142767819924964,0.9948853491811214
6.217152980408503,0.9947467591609371
6.220029178824509,0.9946063017810021
6.222905377240516,0.9944639762640015
6.225781575656523,0.9943197818222115
6.22865777407253,0.9941737176574914
6.231533972488537,0.9940257829612775
6.2344101709045425,0.9938759769145749
6.237286369320549,0.9937242986879504
6.240162567736556,0.9935707474415256
6.243038766152563,0.9934153223249688
6.24591496456857,0.9932580224774877
6.248791162984576,0.9930988470278214
6.2516673614005835,0.9929377950942325
6.2545435598165895,0.9927748657845004
6.257419758232596,0.9926100581959114
6.260295956648603,0.992443371415253
6.263172155064609,0.992274804518803
6.266048353480617,0.9921043565723238
6.268924551896623,0.9919320266310526
6.27180075031263,0.991757813739694
6.2746769487286365,0.9915817169324098
6.277553147144642,0.9914037352328134
6.28042934556065,0.9912238676539575
6.283305543976656,0.9910421131983281
6.286181742392663,0.9908584708578351
6.28905794080867,0.9906729396138022
6.291934139224676,0.9904855184369593
6.294810337640683,0.990296206287433
6.297686536056689,0.9901050021147367
6.300562734472696,0.9899119048577625
6.303438932888703,0.9897169134447711
6.306315131304709,0.9895200267933825
6.309191329720717,0.9893212438105664
6.312067528136723,0.9891205633926334
6.3149437265527295,0.9889179844252244
6.317819924968736,0.9887135057833003
6.320696123384743,0.9885071263311344
6.32357232180075,0.9882988449222996
6.326448520216756,0.9880886603996611
6.329324718632763,0.9878765715953644
6.33220091704877,0.9876625773308254
6.3350771154647765,0.9874466764167211
6.337953313880783,0.9872288676529786
6.340829512296789,0.9870091498287643
6.343705710712797,0.9867875217224739
6.346581909128803,0.986563982101722
6.34945810754481,0.9863385297233309
6.352334305960817,0.9861111633333203
6.3552105043768226,0.9858818816668959
6.35808670279283,0.9856506834484386
6.360962901208836,0.9854175673914948
6.363839099624843,0.985182532198763
6.36671529804085,0.9849455765620847
6.369591496456856,0.9847066991624321
6.372467694872864,0.9844658986698972
6.3753438932888695,0.9842231737436798
6.378220091704876,0.9839785230320768
6.381096290120883,0.9837319451724704
6.383972488536889,0.9834834387913166
6.386848686952897,0.9832330025041324
6.389724885368903,0.9829806349154859
6.39260108378491,0.9827263346189828
6.3954772822009165,0.9824701001972554
6.398353480616922,0.9822119302219506
6.40122967903293,0.9819518232537167
6.404105877448936,0.9816897778421925
6.406982075864943,0.9814257925259948
6.40985827428095,0.9811598658327054
6.412734472696956,0.9808919962788598
6.4156106711129635,0.980622182369933
6.418486869528969,0.9803504226003298
6.421363067944976,0.9800767154533689
6.424239266360983,0.9798010594012728
6.42711546477699,0.9795234529051535
6.429991663192997,0.9792438944150003
6.432867861609003,0.978962382369667
6.4357440600250095,0.9786789151968583
6.438620258441016,0.9783934913131178
6.441496456857023,0.9781061091238138
6.44437265527303,0.9778167670231267
6.447248853689036,0.977525463394036
6.450125052105044,0.9772321966083058
6.45300125052105,0.9769369650264733
6.4558774489370565,0.9766397669978331
6.458753647353063,0.9763406008604257
6.461629845769069,0.9760394649410227
6.464506044185077,0.9757363575551132
6.467382242601083,0.9754312770068916
6.47025844101709,0.9751242215892405
6.473134639433097,0.9748151895837206
6.476010837849103,0.9745041792605548
6.47888703626511,0.9741911888786134
6.481763234681116,0.9738762166854025
6.484639433097123,0.9735592609170477
6.48751563151313,0.9732403197982811
6.490391829929136,0.9729193915424268
6.493268028345144,0.9725964743513856
6.4961442267611496,0.972271566415623
6.499020425177156,0.971944665914152
6.501896623593163,0.9716157710145208
6.504772822009169,0.9712848798727971
6.507649020425177,0.9709519906335533
6.510525218841183,0.9706171014298536
6.51340141725719,0.9702802103832369
6.5162776156731965,0.9699413156037033
6.5191538140892025,0.9696004151897001
6.52203001250521,0.9692575072281043
6.524906210921216,0.9689125897942108
6.527782409337223,0.9685656609517154
6.53065860775323,0.9682167187527
6.533534806169237,0.9678657612376184
6.5364110045852435,0.9675127864352798
6.539287203001249,0.9671577923628354
6.542163401417256,0.9668007770257607
6.545039599833263,0.9664417384178431
6.54791579824927,0.9660806745211638
6.550791996665277,0.9657175833060846
6.553668195081283,0.9653524627312312
6.5565443934972905,0.9649853107434777
6.559420591913296,0.964616125277932
6.562296790329302,0.9642449042579192
6.56517298874531,0.9638716455949667
6.568049187161316,0.9634963471887881
6.570925385577324,0.9631190069272676
6.57380158399333,0.9627396226864446
6.576677782409336,0.9623581923304975
6.579553980825343,0.9619747137117275
6.582430179241349,0.9615891846705441
6.585306377657357,0.9612016030354475
6.588182576073363,0.9608119666230145
6.591058774489371,0.96042027323788
6.593934972905377,0.9600265206727245
6.596811171321383,0.9596307067082543
6.59968736973739,0.9592328291131876
6.602563568153396,0.9588328856442392
6.605439766569404,0.9584308740461012
6.60831596498541,0.9580267920514308
6.611192163401416,0.9576206373808308
6.614068361817424,0.9572124077428343
6.61694456023343,0.9568021008338903
6.619820758649437,0.9563897143383447
6.622696957065443,0.9559752459284263
6.625573155481449,0.9555586932642283
6.628449353897457,0.9551400539936938
6.631325552313463,0.9547193257525989
6.634201750729471,0.954296506164535
6.6370779491454766,0.9538715928408953
6.6399541475614825,0.9534445833808552
6.64283034597749,0.9530154753713579
6.645706544393496,0.9525842663870975
6.648582742809504,0.9521509539905015
6.65145894122551,0.951715535731717
6.654335139641516,0.9512780091485903
6.6572113380575235,0.9508383717666542
6.6600875364735295,0.9503966210991089
6.662963734889537,0.9499527546468068
6.665839933305543,0.9495067698982358
6.668716131721549,0.9490586643295028
6.671592330137557,0.9486084354043157
6.674468528553563,0.9481560805739702
6.6773447269695705,0.9477015972773296
6.680220925385576,0.947244982940811
6.683097123801582,0.9467862349783672
6.68597332221759,0.9463253507914706
6.688849520633596,0.9458623277690981
6.691725719049604,0.9453971632877115
6.69460191746561,0.9449298547112447
6.6974781158816175,0.9444603993910841
6.700354314297623,0.9439887946660543
6.703230512713629,0.9435150378624003
6.706106711129637,0.9430391262937718
6.708982909545643,0.9425610572612073
6.711859107961651,0.9420808280531157
6.714735306377657,0.9415984359452626
6.717611504793663,0.9411138782007522
6.72048770320967,0.9406271520700106
6.723363901625676,0.9401382547907721
6.726240100041684,0.9396471835880593
6.72911629845769,0.9391539356741708
6.731992496873696,0.9386585082486611
6.734868695289704,0.9381608984983278
6.73774489370571,0.9376611035971938
6.740621092121717,0.9371591207064904
6.743497290537723,0.936654946974644
6.746373488953729,0.9361485795372573
6.749249687369737,0.9356400155170949
6.752125885785743,0.9351292520240676
6.755002084201751,0.9346162861552146
6.757878282617757,0.9341011149946911
6.7607544810337625,0.9335837356137487
6.76363067944977,0.9330641450707228
6.766506877865776,0.9325423404110154
6.769383076281784,0.9320183186670797
6.77225927469779,0.931492076858406
6.775135473113796,0.9309636119915032
6.7780116715298036,0.930432921059887
6.7808878699458095,0.9299000010440625
6.783764068361817,0.9293648489115088
6.786640266777823,0.9288274616166662
6.789516465193829,0.9282878361009179
6.792392663609837,0.9277459692925766
6.795268862025843,0.9272018581068715
6.7981450604418505,0.926655499445929
6.8010212588578565,0.9261068901987629
6.803897457273864,0.925556027241256
6.80677365568987,0.9250029074361484
6.809649854105876,0.9244475276330207
6.812526052521884,0.9238898846682803
6.81540225093789,0.9233299753651495
6.8182784493538975,0.9227677965336474
6.821154647769903,0.9222033449705799
6.824030846185909,0.9216366174595225
6.826907044601917,0.9210676107708081
6.829783243017923,0.9204963216615143
6.832659441433931,0.9199227468754473
6.835535639849937,0.9193468831431308
6.838411838265943,0.9187687271817924
6.84128803668195,0.918188275695348
6.844164235097956,0.917605525374393
6.847040433513964,0.9170204728961854
6.84991663192997,0.9164331149246367
6.852792830345976,0.9158434481102953
6.855669028761984,0.9152514690903372
6.85854522717799,0.9146571744885535
6.861421425593997,0.9140605609153366
6.864297624010003,0.9134616249676694
6.867173822426009,0.9128603632291133
6.870050020842017,0.9122567722697964
6.872926219258023,0.9116508486464031
6.875802417674031,0.9110425889021602
6.878678616090037,0.9104319895668296
6.881554814506043,0.9098190471566937
6.88443101292205,0.9092037581745468
6.887307211338056,0.9085861191096848
6.890183409754064,0.9079661264378927
6.89305960817007,0.9073437766214376
6.895935806586076,0.9067190661090557
6.898812005002084,0.9060919913359444
6.9016882034180895,0.9054625487237529
6.904564401834097,0.9048307346805711
6.907440600250103,0.9041965456009233
6.910316798666111,0.9035599778657569
6.913192997082117,0.9029210278424351
6.916069195498123,0.9022796918847287
6.9189453939141305,0.9016359663328058
6.9218215923301365,0.9009898475132279
6.924697790746144,0.9003413317389378
6.92757398916215,0.8996904153092564
6.930450187578156,0.8990370945098726
6.933326385994164,0.8983813656128368
6.93620258441017,0.8977232248765565
6.9390787828261775,0.8970626685457873
6.9419549812421835,0.8963996928516293
6.944831179658189,0.8957342940115193
6.947707378074197,0.8950664682292258
6.950583576490203,0.8943962116948464
6.953459774906211,0.8937235205847983
6.956335973322217,0.893048391061819
6.959212171738223,0.8923708192749578
6.96208837015423,0.8916908013595738
6.964964568570236,0.8910083334373337
6.967840766986244,0.8903234116162053
6.97071696540225,0.8896360319904582
6.973593163818256,0.8889461906406583
6.976469362234264,0.8882538836336673
6.97934556065027,0.8875591070226411
6.982221759066277,0.8868618568470267
6.985097957482283,0.8861621291325639
6.987974155898289,0.8854599198912814
6.990850354314297,0.8847552251214984
6.993726552730303,0.8840480408078252
6.996602751146311,0.8833383629211622
6.999478949562317,0.882626187418702
7.002355147978323,0.8819115102439299
7.00523134639433,0.8811943273266253
7.008107544810336,0.8804746345828665
7.010983743226344,0.8797524279150293
7.01385994164235,0.8790277032117938
7.016736140058358,0.8783004563481448
7.019612338474364,0.877570683185379
7.02248853689037,0.8768383795711066
7.025364735306377,0.8761035413392564
7.028240933722383,0.8753661643100844
7.031117132138391,0.8746262442901753
7.033993330554397,0.8738837770724532
7.036869528970403,0.873138758436184
7.039745727386411,0.8723911841469866
7.0426219258024165,0.8716410499568394
7.045498124218424,0.8708883516040878
7.04837432263443,0.870133084813456
7.051250521050436,0.869375245296053
7.054126719466444,0.8686148287493854
7.05700291788245,0.867851830857368
7.0598791162984575,0.8670862472903325
7.0627553147144635,0.8663180737050438
7.065631513130469,0.8655473057447078
7.068507711546477,0.864773939038988
7.071383909962483,0.8639979692040174
7.074260108378491,0.8632193918424135
7.077136306794497,0.8624382025432937
7.080012505210503,0.8616543968822897
7.0828887036265105,0.8608679704215643
7.085764902042516,0.8600789187098301
7.088641100458524,0.859287237282364
7.09151729887453,0.8584929216610289
7.094393497290536,0.8576959673542898
7.097269695706544,0.8568963698572348
7.10014589412255,0.8560941246515976
7.103022092538557,0.8552892272057745
7.105898290954563,0.8544816729748507
7.108774489370569,0.85367145740062
7.111650687786577,0.8528585759116094
7.114526886202583,0.8520430239231052
7.117403084618591,0.8512247968371734
7.120279283034597,0.8504038900426921
7.123155481450604,0.8495802989153722
7.12603167986661,0.8487540188177897
7.128907878282616,0.8479250450994101
7.131784076698624,0.8470933730966212
7.13466027511463,0.8462589981327615
7.137536473530638,0.8454219155181508
7.140412671946644,0.8445821205501248
7.14328887036265,0.8437396085130644
7.146165068778657,0.8428943746784318
7.149041267194663,0.8420464143048058
7.151917465610671,0.8411957226379154
7.154793664026677,0.8403422949106791
7.157669862442683,0.8394861263432402
7.160546060858691,0.8386272121430062
7.163422259274697,0.8377655475046911
7.166298457690704,0.8369011276103516
7.16917465610671,0.8360339476294334
7.172050854522716,0.8351640027188109
7.174927052938724,0.8342912880228325
7.17780325135473,0.8334157986733667
7.180679449770738,0.8325375297898459
7.1835556481867435,0.831656476479317
7.1864318466027495,0.8307726338364864
7.189308045018757,0.8298859969437711
7.192184243434763,0.8289965608713527
7.195060441850771,0.8281043206772231
7.197936640266777,0.827209271407244
7.200812838682783,0.8263114080951977
7.2036890370987905,0.8254107257628436
7.206565235514796,0.8245072194199773
7.209441433930804,0.8236008840644856
7.21231763234681,0.8226917146824103
7.215193830762816,0.8217797062480054
7.218070029178824,0.8208648537238007
7.22094622759483,0.8199471520606684
7.2238224260108375,0.8190265961978834
7.226698624426843,0.8181031810631952
7.229574822842851,0.8171769015728901
7.232451021258857,0.8162477526318674
7.235327219674863,0.8153157291337043
7.238203418090871,0.8143808259607316
7.241079616506877,0.8134430379841087
7.243955814922884,0.8125023600638951
7.24683201333889,0.8115587870491333
7.249708211754896,0.8106123137779223
7.252584410170904,0.8096629350774999
7.25546060858691,0.8087106457643278
7.258336807002918,0.8077554406441689
7.261213005418924,0.8067973145121795
7.26408920383493,0.8058362621529914
7.266965402250937,0.804872278340803
7.269841600666943,0.8039053578394707
7.272717799082951,0.8029354954025987
7.275593997498957,0.8019626857736367
7.278470195914963,0.8009869236859724
7.281346394330971,0.8000082038630314
7.284222592746977,0.799026521018379
7.287098791162984,0.7980418698558172
7.28997498957899,0.7970542450694937
7.292851187994996,0.7960636413440036
7.295727386411004,0.7950700533544989
7.29860358482701,0.7940734757668001
7.301479783243018,0.7930739032375033
7.3043559816590236,0.7920713304141006
7.3072321800750295,0.7910657519350902
7.310108378491037,0.7900571624300983
7.312984576907043,0.7890455565199995
7.315860775323051,0.7880309288170372
7.318736973739057,0.7870132739249522
7.321613172155065,0.7859925864391059
7.3244893705710705,0.784968860946614
7.3273655689870765,0.7839420920264755
7.330241767403084,0.7829122742497077
7.33311796581909,0.7818794021794849
7.335994164235098,0.7808434703712752
7.338870362651104,0.7798044733729848
7.34174656106711,0.7787624057250994
7.3446227594831175,0.7777172619608328
7.347498957899123,0.7766690366062782
7.350375156315131,0.7756177241805556
7.353251354731137,0.7745633191959731
7.356127553147143,0.7735058161581779
7.359003751563151,0.7724452095663209
7.361879949979157,0.7713814939132195
7.3647561483951645,0.7703146636855212
7.36763234681117,0.7692447133638759
7.370508545227176,0.7681716374231048
7.373384743643184,0.7670954303323758
7.37626094205919,0.7660160865553841
7.379137140475198,0.7649336005505278
7.382013338891204,0.7638479667710985
7.38488953730721,0.7627591796654613
7.387765735723217,0.7616672336772496
7.390641934139223,0.7605721232455598
7.393518132555231,0.7594738428051426
7.396394330971237,0.7583723867866093
7.399270529387243,0.757267749616631
7.402146727803251,0.7561599257181463
7.405022926219257,0.7550489095105749
7.407899124635264,0.7539346954100261
7.41077532305127,0.7528172778295218
7.413651521467276,0.7516966511792136
7.416527719883284,0.7505728098666083
7.41940391829929,0.7494457482968
7.422280116715298,0.7483154608726965
7.425156315131304,0.7471819419952607
7.428032513547311,0.7460451860637469
7.430908711963317,0.744905187475948
7.433784910379323,0.74376194062844
7.436661108795331,0.7426154399168361
7.439537307211337,0.7414656797360439
7.442413505627345,0.7403126544805225
7.4452897040433506,0.7391563585445508
7.4481659024593565,0.7379967863224928
7.451042100875364,0.736833932209072
7.45391829929137,0.7356677905996517
7.456794497707378,0.7344983558905122
7.459670696123384,0.7333256224791419
7.46254689453939,0.7321495847645256
7.4654230929553975,0.7309702371474406
7.4682992913714035,0.7297875740307603
7.471175489787411,0.7286015898197552
7.474051688203417,0.7274122789224072
7.476927886619423,0.7262196357497217
7.479804085035431,0.7250236547160495
7.482680283451437,0.7238243302394128
7.4855564818674445,0.7226216567418334
7.48843268028345,0.7214156286496716
7.491308878699456,0.7202062403939637
7.494185077115464,0.7189934864107701
7.49706127553147,0.7177773611415288
7.499937473947478,0.7165578590334091
7.502813672363484,0.7153349745396785
7.50568987077949,0.7141087021200687
7.508566069195497,0.7128790362411493
7.511442267611503,0.7116459713767129
7.514318466027511,0.7104095020081547
7.517194664443517,0.7091696226248709
7.520070862859523,0.7079263277246524
7.522947061275531,0.7066796118140913
7.525823259691537,0.705429469408993
7.528699458107544,0.7041758950347895
7.53157565652355,0.7029188832269686
7.534451854939558,0.7016584285314975
7.537328053355564,0.7003945255052664
7.54020425177157,0.6991271687165264
7.543080450187578,0.6978563527453417
7.545956648603584,0.6965820721840499
7.548832847019591,0.6953043216377207
7.551709045435597,0.6940230957246329
7.554585243851603,0.6927383890767492
7.557461442267611,0.6914501963402022
7.560337640683617,0.6901585121757922
7.563213839099625,0.6888633312594813
7.566090037515631,0.6875646482829091
7.5689662359316365,0.686262457953903
7.571842434347644,0.6849567549970045
7.57471863276365,0.6836475341540043
7.577594831179658,0.6823347901844768
7.580471029595664,0.6810185178663346
7.58334722801167,0.6796987119963795
7.5862234264276776,0.6783753673908703
7.5890996248436835,0.677048478886099
7.591975823259691,0.6757180413389666
7.594852021675697,0.6743840496275819
7.597728220091703,0.6730464986518551
7.600604418507711,0.6717053833341089
7.603480616923717,0.6703606986197003
7.6063568153397245,0.6690124394776414
7.6092330137557305,0.6676606009012428
7.612109212171736,0.666305177908755
7.614985410587744,0.6649461655440267
7.61786160900375,0.6635835588771728
7.620737807419758,0.662217353005245
7.623614005835764,0.6608475430529251
7.62649020425177,0.6594741241732137
7.629366402667777,0.6580970915481409
7.632242601083783,0.6567164403894854
7.635118799499791,0.6553321659394964
7.637994997915797,0.6539442634716397
7.640871196331805,0.6525527282913395
7.643747394747811,0.6511575557367472
7.646623593163817,0.6497587411795069
7.649499791579824,0.6483562800255415
7.65237598999583,0.646950167715851
7.655252188411838,0.6455403997273126
7.658128386827844,0.6441269715735071
7.66100458524385,0.642709878805544
7.663880783659858,0.6412891170129073
7.666756982075864,0.6398646818243136
7.669633180491871,0.6384365689085743
7.672509378907877,0.6370047739754845
7.675385577323883,0.6355692927767103
7.678261775739891,0.634130121106699
7.681137974155897,0.6326872548036024
7.684014172571905,0.631240689750206
7.686890370987911,0.6297904218748817
7.689766569403917,0.6283364471525453
7.692642767819924,0.6268787616056352
7.69551896623593,0.6254173613051038
7.698395164651938,0.6239522423714186
7.701271363067944,0.6224834009755861
7.70414756148395,0.621010833340182
7.707023759899958,0.619534535740403
7.7098999583159635,0.6180545045051344
7.712776156731971,0.6165707360180238
7.715652355147977,0.6150832267185851
7.718528553563983,0.6135919731033054
7.721404751979991,0.6120969717267735
7.724280950395997,0.610598219202831
7.7271571488120046,0.6090957122057247
7.7300333472280105,0.607589447471294
7.7329095456440164,0.60607942179816
7.735785744060024,0.6045656320489411
7.73866194247603,0.6030480751514857
7.741538140892038,0.601526748100116
7.744414339308044,0.6000016479569001
7.7472905377240515,0.5984727718529317
7.7501667361400575,0.5969401169896394
7.753042934556063,0.595403680640104
7.755919132972071,0.593863460150402
7.758795331388077,0.5923194529409703
7.761671529804085,0.5907716565079802
7.764547728220091,0.5892200684247458
7.767423926636097,0.5876646863431381
7.770300125052104,0.5861055079950293
7.77317632346811,0.5845425311937587
7.776052521884118,0.5829757538356088
7.778928720300124,0.5814051739013176
7.78180491871613,0.5798307894575991
7.784681117132138,0.578252598658694
7.787557315548144,0.5766705997479429
7.790433513964151,0.5750847910593738
7.793309712380157,0.573495171019326
7.796185910796163,0.5719017381480817
7.799062109212171,0.5703044910615331
7.801938307628177,0.568703428472871
7.804814506044185,0.5670985491942898
7.807690704460191,0.5654898521387302
7.810566902876197,0.5638773363216334
7.813443101292204,0.5622610008627286
7.81631929970821,0.5606408449878484
7.819195498124218,0.5590168680307578
7.822071696540224,0.5573890694350252
7.82494789495623,0.5557574487559065
7.827824093372238,0.5541220056622636
7.830700291788244,0.552482739938512
7.833576490204251,0.5508396514865859
7.836452688620257,0.5491927403279464
7.839328887036263,0.5475420066056014
7.842205085452271,0.5458874505861678
7.845081283868277,0.5442290726619594
7.847957482284285,0.5425668733530973
7.8508336807002905,0.5409008533096628
7.853709879116298,0.539231013313867
7.856586077532304,0.5375573542822668
7.85946227594831,0.5358798772679949
7.862338474364318,0.5341985834630348
7.865214672780324,0.5325134742005259
7.8680908711963315,0.530824550957091
7.8709670696123375,0.5291318153552147
7.8738432680283434,0.5274352691656347
7.876719466444351,0.5257349143097831
7.879595664860357,0.5240307528622583
7.882471863276365,0.5223227870533219
7.885348061692371,0.5206110192714477
7.888224260108377,0.5188954520658894
7.8911004585243845,0.5171760881492965
7.89397665694039,0.515452930400365
7.896852855356398,0.5137259818665156
7.899729053772404,0.5119952457666271
7.90260525218841,0.5102607254937885
7.905481450604418,0.5085224246181039
7.908357649020424,0.5067803468895338
7.911233847436431,0.5050344962407672
7.914110045852437,0.5032848767901503
7.916986244268443,0.501531492844637
7.919862442684451,0.49977434890279493
7.922738641100457,0.4980134496578512
7.925614839516465,0.4962488000007702
7.928491037932471,0.49448040502338997
7.931367236348477,0.4927082700215866
7.934243434764484,0.49093240049849407
7.93711963318049,0.48915280216776585
7.939995831596498,0.48736948095687366
7.942872030012504,0.48558244301046777
7.945748228428512,0.48379169469376404
7.948624426844518,0.4819972425959987
7.951500625260524,0.48019909353391005
7.954376823676531,0.4783972545552835
7.957253022092537,0.4765917329425426
7.960129220508545,0.47478253621637795
7.963005418924551,0.47296967213944524
7.965881617340557,0.4711531487200938
7.968757815756565,0.4693329742161609
7.971634014172571,0.467509157138814
7.974510212588578,0.46568170625643823
7.977386411004584,0.46385063059859005
7.98026260942059,0.46201593945999087
7.983138807836598,0.4601776424045836
7.986015006252604,0.4583357492696463
7.988891204668612,0.4564902701699491
7.9917674030846175,0.45464121550198455
7.9946436015006235,0.452788595948238
7.997519799916631,0.4509324224815272
8.000395998332637,0.44907270636940017
8.003272196748645,0.44720945917858057
8.00614839516465,0.4453426927794906
8.009024593580657,0.443472419350816
8.011900791996664,0.441598651384144
8.01477699041267,0.4397214016886646
8.017653188828678,0.43784068339591986
8.020529387244684,0.4359565099646375
8.02340558566069,0.4340688951856071
8.026281784076698,0.43217785318663615
8.029157982492704,0.43028339843756974
8.032034180908711,0.4283855457553637
8.034910379324717,0.42648431030924405
8.037786577740723,0.4245797076259164
8.040662776156731,0.42267175359485304
8.043538974572737,0.42076046447365184
8.046415172988745,0.41884585689345144
8.04929137140475,0.416927947864436
8.052167569820758,0.41500675478138904
8.055043768236764,0.4130822954293433
8.05791996665277,0.41115458798928023
8.060796165068778,0.4092236510439187
8.063672363484784,0.40728950358357563
8.066548561900792,0.40535216501209015
8.069424760316798,0.4034116551528421
8.072300958732804,0.4014679942548275
8.075177157148811,0.39952120299882327
8.078053355564817,0.3975713025036307
8.080929553980825,0.39561831433238553
8.083805752396831,0.3936622604989627
8.086681950812837,0.3917031634744467
8.089558149228845,0.3897410461936907
8.09243434764485,0.3877759320619608
8.095310546060858,0.38580784496164705
8.098186744476864,0.3838368092590766
8.10106294289287,0.3818628498113923
8.103939141308878,0.3798859919735266
8.106815339724884,0.3779062616052611
8.109691538140892,0.3759236850783578
8.112567736556898,0.3739382892837966
8.115443934972904,0.3719501016390788
8.118320133388911,0.3699591500956309
8.121196331804917,0.3679654631462972
8.124072530220925,0.36596906983290695
8.12694872863693,0.3639699997539492
8.129824927052937,0.36196828307231893
8.132701125468945,0.35996395052316527
8.13557732388495,0.3579570334218305
8.138453522300958,0.35594756367186703
8.141329720716964,0.35393557377316376
8.14420591913297,0.3519210968301483
8.147082117548978,0.34990416656009016
8.149958315964984,0.34788481730149984
8.152834514380991,0.3458630840226058
8.155710712796997,0.34383900232994635
8.158586911213005,0.34181260847703177
8.161463109629011,0.33978393937312196
8.164339308045017,0.33775303259208106
8.167215506461025,0.3357199263813354
8.17009170487703,0.3336846596709287
8.172967903293038,0.3316472720826572
8.175844101709044,0.32960780393932054
8.17872030012505,0.3275662962740454
8.181596498541058,0.3255227908397188
8.184472696957064,0.32347733011851454
8.187348895373072,0.32142995733150215
8.190225093789078,0.319380716448368
8.193101292205084,0.3173296521972122
8.195977490621091,0.3152768100744514
8.198853689037097,0.31322223635481483
8.201729887453105,0.31116597810142016
8.204606085869111,0.3091080831759611
8.207482284285117,0.30704860024896785
8.210358482701125,0.30498757881016986
8.21323468111713,0.30292506917895123
8.216110879533138,0.3008611225148803
8.218987077949144,0.29879579082834956
8.22186327636515,0.2967291269912805
8.224739474781158,0.29466118474793196
8.227615673197164,0.2925920187257895
8.230491871613172,0.2905216844465293
8.233368070029178,0.288450238337082
8.236244268445184,0.2863777377407581
8.239120466861191,0.284304240928467
8.241996665277197,0.2822298071100134
8.244872863693205,0.2801544964454541
8.24774906210921,0.2780783700565512
8.250625260525217,0.27600149003827606
8.253501458941225,0.2739239194703945
8.25637765735723,0.2718457224291196
8.259253855773238,0.2697669639988164
8.262130054189244,0.2676877102837867
8.265006252605252,0.26560802842009
8.267882451021258,0.26352798658744325
8.270758649437264,0.2614476540211513
8.273634847853272,0.259367101024099
8.276511046269277,0.2572863989787884
8.279387244685285,0.255205620359403
8.282263443101291,0.25312483874392994
8.285139641517297,0.2510441288262926
8.288015839933305,0.24896356642852524
8.29089203834931,0.24688322851297065
8.293768236765318,0.24480319319448265
8.296644435181324,0.2427235397526596
8.29952063359733,0.24064434864406617
8.302396832013338,0.2385657015144689
8.305273030429344,0.23648768121106656
8.308149228845352,0.2344103717946949
8.311025427261358,0.23233385855203362
8.313901625677364,0.23025822800776719
8.316777824093371,0.2281835679367266
8.319654022509377,0.226109967375988
8.322530220925385,0.2240375166369122
8.325406419341391,0.2219663073171431
8.328282617757397,0.21989643231252112
8.331158816173405,0.2178279858289339
8.33403501458941,0.21576106339407983
8.336911213005418,0.21369576186912437
8.339787411421424,0.21163217946026658
8.34266360983743,0.20957041573017085
8.345539808253438,0.20751057160927963
8.348416006669444,0.2054527494069868
8.351292205085452,0.20339705282264084
8.354168403501458,0.20134358695640284
8.357044601917464,0.19929245831990125
8.359920800333471,0.19724377484670622
8.362796998749477,0.19519764590259106
8.365673197165485,0.1931541822955563
8.368549395581491,0.1911134962856308
8.371425593997499,0.1890757015943921
8.374301792413505,0.18704091341423074
8.37717799082951,0.1850092484173023
8.380054189245518,0.18298082476417663
8.382930387661524,0.18095576211215392
8.385806586077532,0.17893418162321476
8.388682784493538,0.17691620597161414
8.391558982909544,0.17490195935105796
8.394435181325552,0.17289156748147347
8.397311379741558,0.1708851576153346
8.400187578157565,0.16888285854350701
8.403063776573571,0.16688480060061628
8.405939974989577,0.16489111566987844
8.408816173405585,0.1629019371873916
8.41169237182159,0.16091740014585384
8.414568570237599,0.15893764109765848
8.417444768653604,0.15696279815737227
8.42032096706961,0.15499301100352605
8.423197165485618,0.1530284208797145
8.426073363901624,0.15106917059495867
8.428949562317632,0.14911540452328625
8.431825760733638,0.14716726860252072
8.434701959149644,0.14522491033220505
8.437578157565651,0.14328847877065343
8.440454355981657,0.14135812453107593
8.443330554397665,0.13943399977672485
8.446206752813671,0.13751625821504523
8.449082951229677,0.13560505509075435
8.451959149645685,0.13370054717782895
8.45483534806169,0.1318028927703446
8.457711546477698,0.12991225167210207
8.460587744893704,0.12802878518502372
8.46346394330971,0.12615265609622925
8.466340141725718,0.12428402866376692
8.469216340141724,0.1224230686009329
8.472092538557732,0.12056994305911041
8.474968736973738,0.11872482060909767
8.477844935389745,0.11688787122082801
8.480721133805751,0.11505926624145661
8.483597332221757,0.1132391783717143
8.486473530637765,0.11142778164049093
8.489349729053771,0.10962525137756708
8.492225927469779,0.10783176418441472
8.495102125885785,0.10604749790302376
8.49797832430179,0.10427263158264333
8.500854522717798,0.10250734544439596
8.503730721133804,0.10075182084367046
8.506606919549812,0.0990062402302078
8.509483117965818,0.09727078710582139
8.512359316381824,0.09554564597964159
8.515235514797832,0.09383100232082053
8.518111713213838,0.09212704250860522
8.520987911629845,0.09043395377967464
8.523864110045851,0.08875192417268091
8.526740308461857,0.08708114246986813
8.529616506877865,0.08542179813570286
8.53249270529387,0.08377408125240876
8.535368903709879,0.08213818245229962
8.538245102125885,0.08051429284683685
8.54112130054189,0.07890260395228052
8.543997498957898,0.07730330761186038
8.546873697373904,0.07571659591435048
8.549749895789912,0.0741426611089392
8.552626094205918,0.07258169551630965
8.555502292621924,0.07103389143580077
8.558378491037931,0.06949944104856473
8.561254689453937,0.06797853631660777
8.564130887869945,0.06647136887759574
8.567007086285951,0.0649781299353462
8.569883284701957,0.06349901014587127
8.572759483117965,0.062034199498890066
8.57563568153397,0.060583887194698566
8.578511879949978,0.05914826151628612
8.581388078365984,0.05772750969662055
8.584264276781992,0.05632181778097531
8.587140475197998,0.054931370484232994
8.590016673614004,0.05355635104304612
8.592892872030012,0.05219694106278713
8.595769070446018,0.05085332035919585
8.598645268862025,0.04952566679463665
8.601521467278031,0.048214156108913574
8.604397665694037,0.04691896174454852
8.607273864110045,0.04564025466648733
8.610150062526051,0.044378203176168814
8.613026260942059,0.04313297271990886
8.615902459358065,0.04190472569158338
8.61877865777407,0.04069362122956525
8.621654856190078,0.03949981500792302
8.624531054606084,0.03832345902187523
8.627407253022092,0.03716470136750952
8.630283451438098,0.03602368601581662
8.633159649854104,0.03490055258106617
8.636035848270112,0.03379543608360895
8.638912046686118,0.032708466707184206
8.641788245102125,0.031639769550835924
8.644664443518131,0.030589464375584456
8.647540641934137,0.029557665345989904
8.650416840350145,0.028544480766809044
8.65329303876615,0.027550012814949166
8.656169237182159,0.026574357266958126
8.659045435598165,0.025617603222339743
8.66192163401417,0.02467983282299094
8.664797832430178,0.02376112096912233
8.667674030846184,0.022861535032047613
8.670550229262192,0.02198113456426647
8.673426427678198,0.021119971007334027
8.676302626094206,0.02027808739802314
8.679178824510211,0.01945551807337241
8.682055022926217,0.01865228837523319
8.684931221342225,0.017868414355011485
8.687807419758231,0.017103902479343364
8.690683618174239,0.016358749337503368
8.693559816590245,0.015632941351427197
8.69643601500625,0.014926454489269233
8.699312213422258,0.014239253983511843
8.702188411838264,0.013571294054698419
8.705064610254272,0.01292251764193735
8.707940808670278,0.012292856141414791
8.710817007086284,0.01168222915420847
8.713693205502292,0.011090544244800035
8.716569403918298,0.010517696711746145
8.719445602334305,0.009963569372054452
8.722321800750311,0.009428032360902923
8.725197999166317,0.008910942948404225
8.728074197582325,0.008412145375216876
8.730950395998331,0.007931470708871007
8.733826594414339,0.007468736722754386
8.736702792830345,0.00702374779978741
8.73957899124635,0.006596294862866853
8.742455189662358,0.006186155334237128
8.745331388078364,0.005793093125991352
8.748207586494372,0.005416858663951412
8.751083784910378,0.005057188947219326
8.753959983326384,0.004713807645701129
8.756836181742392,0.004386425237926231
8.759712380158398,0.004074739191466803
8.762588578574405,0.0037784341882350536
8.765464776990411,0.0034971823968927827
8.768340975406417,0.003230643794522824
8.771217173822425,0.002978466539620584
8.77409337223843,0.0027402873983256334
8.776969570654439,0.00251573222564826
8.779845769070445,0.0023044165032494283
8.782721967486452,0.0021059459350825085
8.785598165902458,0.0019199171019294188
8.788474364318464,0.0017459181755246867
8.791350562734472,0.0015835296925883506
8.794226761150478,0.0014323253886526874
8.797102959566486,0.001291873091082921
8.799979157982492,0.001161735670154003
8.802855356398497,0.0010414720464424487
8.805731554814505,0.0009306382521417485
8.808607753230511,0.0008287885431950008
8.811483951646519,0.0007354765583725773
8.814360150062525,0.0006502565206073158
8.81723634847853,0.000572684475033036
8.820112546894538,0.00050231955727387
8.822988745310544,0.0004387252845982914
8.825864943726552,0.0003814708616041005
8.828741142142558,0.0003301324911511861
8.831617340558564,0.0002842946803219626
8.834493538974572,0.00024355153029335429
8.837369737390578,0.00020750799816624386
8.840245935806585,0.00017578111805140585
8.843122134222591,0.00014800116808545732
8.845998332638597,0.0001238127695779752
8.848874531054605,0.00010287590421340892
8.851750729470611,8.486683518301389e-05
8.854626927886619,6.947891834551175e-05
8.857503126302625,5.642329004897577e-05
8.86037932471863,4.542941912627285e-05
8.863255523134638,3.624551183702017e-05
8.866131721550644,2.8638760193464573e-05
8.869007919966652,2.239542619299817e-05
8.871884118382658,1.7320756987567207e-05
8.874760316798664,1.3238728934635091e-05
8.877636515214672,9.991621761053318e-06
8.880512713630678,7.439427669808705e-06
8.883388912046685,5.459104044696202e-06
8.886265110462691,3.943682344742308e-06
8.889141308878699,2.801249685346151e-06
8.892017507294705,1.953823307080011e-06
8.894893705710711,1.3361414438435337e-06
8.897769904126719,8.943968143743189e-07
8.900646102542725,5.849408674435308e-07
8.903522300958732,3.729878180271114e-07
8.906398499374738,2.3134725884009683e-07
8.909274697790744,1.3921261296457458e-07
8.912150896206752,8.102987968728023e-08
8.915027094622758,4.546708415062236e-08
8.917903293038766,2.44997492078692e-08
8.920779491454772,1.262185573288162e-08
8.923655689870778,6.1855391905452796e-09
8.926531888286785,2.8666538432371738e-09
8.929408086702791,1.247818297057414e-09
8.932284285118799,5.061009784552178e-10
8.935160483534805,1.894735531248173e-10
8.93803668195081,6.47505071110389e-11
8.940912880366819,1.9931298401132235e-11
8.943789078782824,5.438215969845553e-12
8.946665277198832,1.2898315295719117e-12
8.949541475614838,2.5963342894330386e-13
8.952417674030844,4.3054546337740995e-14
8.955293872446852,5.665822668982444e-15
8.958170070862858,5.641300133779471e-16
8.961046269278865,3.995184610384921e-17
8.963922467694871,1.8550215247583495e-18
8.966798666110877,5.0601850411906695e-20
8.969674864526885,6.970483242428394e-22
8.972551062942891,3.91168583411672e-24
8.975427261358899,6.524161497633947e-27
8.978303459774905,1.9961070336951135e-30
8.98117965819091,5.148446036478448e-35
8.984055856606918,2.935539730184142e-41
8.986932055022924,2.986254624620778e-50
8.989808253438932,2.552584722657402e-64
8.992684451854938,1.8908624489233616e-89
8.995560650270946,3.8286015908477563e-147
8.998436848686952,0.0
9.001313047102958,0.0
9.004189245518965,0.0
9.007065443934971,0.0
9.009941642350979,0.0
9.012817840766985,0.0
9.015694039182991,0.0
9.018570237598999,0.0
9.021446436015005,0.0
9.024322634431012,0.0
9.027198832847018,0.0
9.030075031263024,0.0
9.032951229679032,0.0
9.035827428095038,0.0
9.038703626511046,0.0
9.041579824927052,0.0
9.044456023343058,0.0
9.047332221759065,0.0
9.050208420175071,0.0
9.053084618591079,0.0
9.055960817007085,0.0
9.05883701542309,0.0
9.061713213839099,0.0
9.064589412255105,0.0
9.067465610671112,0.0
9.070341809087118,0.0
9.073218007503124,0.0
9.076094205919132,0.0
9.078970404335138,0.0
9.081846602751146,0.0
9.084722801167151,0.0
9.087598999583157,0.0
9.090475197999165,0.0
9.093351396415171,0.0
9.096227594831179,0.0
9.099103793247185,0.0
9.101979991663192,0.0
9.104856190079198,0.0
9.107732388495204,0.0
9.110608586911212,0.0
9.113484785327218,0.0
9.116360983743226,0.0
9.119237182159232,0.0
9.122113380575238,0.0
9.124989578991245,0.0
9.127865777407251,0.0
9.130741975823259,0.0
9.133618174239265,0.0
9.136494372655271,0.0
9.139370571071279,0.0
9.142246769487285,0.0
9.145122967903292,0.0
9.147999166319298,0.0
9.150875364735304,0.0
9.153751563151312,0.0
9.156627761567318,0.0
9.159503959983326,0.0
9.162380158399332,0.0
9.165256356815338,0.0
9.168132555231345,0.0
9.171008753647351,0.0
9.173884952063359,0.0
9.176761150479365,0.0
9.17963734889537,0.0
9.182513547311379,0.0
9.185389745727385,0.0
9.188265944143392,0.0
9.191142142559398,0.0
9.194018340975404,0.0
9.196894539391412,0.0
9.199770737807418,0.0
9.202646936223426,0.0
9.205523134639432,0.0
9.20839933305544,0.0
9.211275531471445,0.0
9.214151729887451,0.0
9.217027928303459,0.0
9.219904126719465,0.0
9.222780325135473,0.0
9.225656523551478,0.0
9.228532721967484,0.0
9.231408920383492,0.0
9.234285118799498,0.0
9.237161317215506,0.0
9.240037515631512,0.0
9.242913714047518,0.0
9.245789912463525,0.0
9.248666110879531,0.0
9.25154230929554,0.0
9.254418507711545,0.0
9.257294706127551,0.0
9.260170904543559,0.0
9.263047102959565,0.0
9.265923301375572,0.0
9.268799499791578,0.0
9.271675698207584,0.0
9.274551896623592,0.0
9.277428095039598,0.0
9.280304293455606,0.0
9.283180491871612,0.0
9.286056690287618,0.0
9.288932888703625,0.0
9.291809087119631,0.0
9.294685285535639,0.0
9.297561483951645,0.0
9.300437682367651,0.0
9.303313880783659,0.0
9.306190079199665,0.0
9.309066277615672,0.0
9.311942476031678,0.0
9.314818674447686,0.0
9.317694872863692,0.0
9.320571071279698,0.0
9.323447269695706,0.0
9.326323468111712,0.0
9.32919966652772,0.0
9.332075864943725,0.0
9.334952063359731,0.0
9.337828261775739,0.0
9.340704460191745,0.0
9.343580658607753,0.0
9.346456857023759,0.0
9.349333055439764,0.0
9.352209253855772,0.0
9.355085452271778,0.0
9.357961650687786,0.0
9.360837849103792,0.0
9.363714047519798,0.0
9.366590245935805,0.0
9.369466444351811,0.0
9.37234264276782,0.0
9.375218841183825,0.0
9.378095039599831,0.0
9.380971238015839,0.0
9.383847436431845,0.0
9.386723634847852,0.0
9.389599833263858,0.0
9.392476031679864,0.0
9.395352230095872,0.0
9.398228428511878,0.0
9.401104626927886,0.0
9.403980825343892,0.0
9.4068570237599,0.0
9.409733222175905,0.0
9.412609420591911,0.0
9.415485619007919,0.0
9.418361817423925,0.0
9.421238015839933,0.0
9.424114214255939,0.0
9.426990412671945,0.0
9.429866611087952,0.0
9.432742809503958,0.0
9.435619007919966,0.0
9.438495206335972,0.0
9.441371404751978,0.0
9.444247603167986,0.0
9.447123801583992,0.0
9.45,0.0
