category,setting,reference_setting,observer_index,observer_radius_over_M,pulse,sphere_integrated_relative_l2,off_caustic_relative_l2_at_gamma_pi_over_2,arrival_time_error_over_M,delay_error_over_M,relative_amplitude_error,relative_flux_energy_error,angular_focus_width_error_radians,estimator_timing_systematic_over_M,phase_error_radians
spatial,radial_N768,radial_N2048,0,8.0,0,4.3109368008885935e-05,4.3732306371868454e-05,7.502473005516208e-05,nan,2.4515673004987804e-06,5.456367899725478e-06,0.0,7.696254042244277e-05,nan
spatial,radial_N768,radial_N2048,0,8.0,1,4.3109368008885935e-05,4.3732306371868454e-05,0.0005448807818808632,0.0004698560518257011,2.6511771389348127e-07,6.08006817226503e-07,0.0,0.0005452266338679124,0.00017982543474837076
spatial,radial_N768,radial_N2048,0,8.0,2,4.3109368008885935e-05,4.3732306371868454e-05,0.0005465715847421393,1.6908028612760972e-06,3.056465301398692e-05,1.196806888148494e-06,0.0,0.0006340371012143464,0.00011930070549404094
spatial,radial_N768,radial_N2048,0,8.0,3,4.3109368008885935e-05,4.3732306371868454e-05,0.002785960372420959,0.0033325319571630985,0.00027773566125333105,2.267436224845376e-05,0.0,0.0028257533495121834,0.0001103736226242269
spatial,radial_N768,radial_N2048,1,12.0,0,4.3109368008885935e-05,4.3732306371868454e-05,6.635966695611728e-05,nan,5.975060604068716e-07,4.5876300034386475e-06,0.0,6.017312332673441e-05,nan
spatial,radial_N768,radial_N2048,1,12.0,1,4.3109368008885935e-05,4.3732306371868454e-05,0.0003121074936771606,0.0003784671606332779,4.4160388223968283e-07,9.124830669948736e-07,0.0,0.0003125428903629768,5.4968232950702856e-05
spatial,radial_N768,radial_N2048,1,12.0,2,4.3109368008885935e-05,4.3732306371868454e-05,0.00041748655591788975,0.00010537906224072913,2.72255984073988e-05,6.167670847379014e-06,0.0,0.00048347224092282204,0.00012444307836401158
spatial,radial_N768,radial_N2048,1,12.0,3,4.3109368008885935e-05,4.3732306371868454e-05,0.0014499100908409446,0.0018673966467588343,0.0002589801624164334,2.2540954518035505e-05,0.0016666666666667052,0.0014520513761482334,6.214902885526286e-05
spatial,radial_N768,radial_N2048,2,inf,0,4.3109368008885935e-05,4.3732306371868454e-05,1.2397591891755155e-05,nan,2.9829969472316975e-07,3.5641207352110627e-07,nan,1.2103106559635535e-05,nan
spatial,radial_N768,radial_N2048,2,inf,1,4.3109368008885935e-05,4.3732306371868454e-05,5.810394672067787e-05,7.050153861243302e-05,4.374408472118674e-07,7.546692670779009e-07,0.0,5.790938482874708e-05,1.9818821291872624e-06
spatial,radial_N768,radial_N2048,2,inf,2,4.3109368008885935e-05,4.3732306371868454e-05,6.52358654988916e-05,0.00012333981221956947,2.318025647396471e-05,1.008568304605717e-05,0.0,9.259891259461028e-05,9.984291152664859e-05
spatial,radial_N768,radial_N2048,2,inf,3,4.3109368008885935e-05,4.3732306371868454e-05,0.0001363898764878968,7.11540109890052e-05,0.00021820671724315233,2.1236877790986597e-05,0.0,0.00019352273588424396,7.766274165565969e-05
spatial,radial_N1024,radial_N2048,0,8.0,0,4.483204361014304e-05,4.5211228968744665e-05,0.0001363825216209591,nan,3.001955384052124e-06,5.7685482725000625e-06,0.0,0.0001371686361402169,nan
spatial,radial_N1024,radial_N2048,0,8.0,1,4.483204361014304e-05,4.5211228968744665e-05,0.00024382385810639562,0.00010744133648543652,2.5979269913101177e-07,1.9901432846136657e-07,0.0,0.0002436169855215553,3.578406141824253e-05
spatial,radial_N1024,radial_N2048,0,8.0,2,4.483204361014304e-05,4.5211228968744665e-05,0.0008428842588230623,0.0005990604007166667,3.694596371706105e-05,1.5267529377860356e-05,0.0,0.0007977152212745864,2.0182430989112987e-05
spatial,radial_N1024,radial_N2048,0,8.0,3,4.483204361014304e-05,4.5211228968744665e-05,0.00046814940796480187,0.0013110336667878641,0.00036100158983776165,4.0514461288609915e-05,0.0,0.00048366553829737313,0.0003764817049747293
spatial,radial_N1024,radial_N2048,1,12.0,0,4.483204361014304e-05,4.5211228968744665e-05,0.0001120348069534316,nan,6.690757059502062e-08,8.723059176096726e-07,0.0,0.00010964809430902278,nan
spatial,radial_N1024,radial_N2048,1,12.0,1,4.483204361014304e-05,4.5211228968744665e-05,0.00041777404889842273,0.0005298088558518543,4.5807615145498914e-08,1.5311887757718523e-07,0.0,0.00041789400145120226,8.994541679419044e-05
spatial,radial_N1024,radial_N2048,1,12.0,2,4.483204361014304e-05,4.5211228968744665e-05,0.0002585671824419933,0.000676341231340416,3.201586076340135e-05,1.8600958911374477e-05,0.0,0.00027708362669187636,0.00018503810958692135
spatial,radial_N1024,radial_N2048,1,12.0,3,4.483204361014304e-05,4.5211228968744665e-05,0.0005791239380101842,0.0008376911204521775,0.0003323456198504049,3.926638713092068e-05,0.0,0.0005139454496259077,0.00019607121735742972
spatial,radial_N1024,radial_N2048,2,inf,0,4.483204361014304e-05,4.5211228968744665e-05,0.0002293126880594798,nan,1.880404854048834e-08,2.8620628977904516e-08,nan,0.00022933231298338796,nan
spatial,radial_N1024,radial_N2048,2,inf,1,4.483204361014304e-05,4.5211228968744665e-05,8.683208410786847e-05,0.00031614477216734826,3.3403271149090585e-08,6.938688246194147e-08,0.0,8.68636661977007e-05,2.991864531676214e-06
spatial,radial_N1024,radial_N2048,2,inf,2,4.483204361014304e-05,4.5211228968744665e-05,0.0007866836963970059,0.0006998516122891374,1.9029460921693442e-05,1.7270577417960453e-05,0.0,0.0007984589459724134,0.00030552118627102937
spatial,radial_N1024,radial_N2048,2,inf,3,4.483204361014304e-05,4.5211228968744665e-05,0.0022709412762083048,0.001484257579811299,0.00027307743516835625,3.6639638975266564e-05,0.0,0.0021342399451640404,0.00015313802517913366
spatial,radial_N1536,radial_N2048,0,8.0,0,3.5728856231586537e-06,3.585819707984737e-06,1.7324032988597082e-05,nan,2.5766532996129854e-07,5.03569361987033e-07,0.0,1.7363238953294058e-05,nan
spatial,radial_N1536,radial_N2048,0,8.0,1,3.5728856231586537e-06,3.585819707984737e-06,8.935790998521043e-05,7.203387699661334e-05,6.038472188940602e-08,5.476734066256483e-09,0.0,8.933784216225149e-05,2.7541921528428936e-05
spatial,radial_N1536,radial_N2048,0,8.0,2,3.5728856231586537e-06,3.585819707984737e-06,0.00012710359050771558,0.000216461500492926,1.6924674630658387e-06,2.13012340455343e-06,0.0,0.00012436525752690386,2.9239743342346358e-05
spatial,radial_N1536,radial_N2048,0,8.0,3,3.5728856231586537e-06,3.585819707984737e-06,0.001995923098718322,0.0018688195082106063,1.967629456534059e-05,5.512395658602287e-06,0.0,0.0020183072686705827,0.0008857976015550495
spatial,radial_N1536,radial_N2048,1,12.0,0,3.5728856231586537e-06,3.585819707984737e-06,9.829673427574903e-05,nan,1.106088531876992e-08,2.031231571830716e-07,0.0016666666666665941,9.766398898136686e-05,nan
spatial,radial_N1536,radial_N2048,1,12.0,1,3.5728856231586537e-06,3.585819707984737e-06,0.000296824414334651,0.00019852768005890198,1.8822531089313088e-08,2.4027643208412997e-08,0.0,0.0002967966991533899,2.98236427233034e-05
spatial,radial_N1536,radial_N2048,1,12.0,2,3.5728856231586537e-06,3.585819707984737e-06,0.0005189846598554482,0.0008158090741900992,9.8631216971512e-07,1.3916652850110012e-06,0.0,0.0005158993973708448,0.00016936010054213746
spatial,radial_N1536,radial_N2048,1,12.0,3,3.5728856231586537e-06,3.585819707984737e-06,0.0006633369291364488,0.001182321588991897,1.7198693837428003e-05,5.0410293089830915e-06,0.0,0.0006387729607126857,4.141443651106691e-05
spatial,radial_N1536,radial_N2048,2,inf,0,3.5728856231586537e-06,3.585819707984737e-06,1.3866965655751073e-05,nan,2.5731372588211343e-10,8.524796424325132e-10,nan,1.3879175590147952e-05,nan
spatial,radial_N1536,radial_N2048,2,inf,1,3.5728856231586537e-06,3.585819707984737e-06,2.767817903759351e-07,1.4143747446127009e-05,7.307598970385243e-12,1.0553886653497102e-09,0.0,2.614587373273025e-07,5.564095517662793e-09
spatial,radial_N1536,radial_N2048,2,inf,2,3.5728856231586537e-06,3.585819707984737e-06,0.0005348264612337061,0.0005351032430240821,5.351673879605556e-07,2.686985224320537e-07,0.0,0.0005375168109864603,0.0002266727413706704
spatial,radial_N1536,radial_N2048,2,inf,3,3.5728856231586537e-06,3.585819707984737e-06,0.00022756614110619466,0.0003072603201275115,1.1734721465095355e-05,4.3254365129641315e-06,0.0,0.00020136451409769052,2.0007067056182493e-05
temporal,temporal_dt0.004,temporal_dt0.001,0,8.0,0,8.557630133980927e-07,7.923844112357197e-07,1.2464584244753496e-05,nan,5.998862651068748e-08,7.25494068720689e-06,0.0,1.2448998262470923e-05,nan
temporal,temporal_dt0.004,temporal_dt0.001,0,8.0,1,8.557630133980927e-07,7.923844112357197e-07,0.0003357478652290524,0.0003482124494738059,1.7622890165158722e-05,7.127817563623573e-06,0.0,0.0003395410537834209,0.00013782704878706475
temporal,temporal_dt0.004,temporal_dt0.001,0,8.0,2,8.557630133980927e-07,7.923844112357197e-07,3.865257883717277e-05,0.0003744004440662252,6.324143065672416e-06,7.940719209176272e-06,0.0,3.800908682194404e-05,4.972850086115699e-05
temporal,temporal_dt0.004,temporal_dt0.001,0,8.0,3,8.557630133980927e-07,7.923844112357197e-07,0.002590754250718419,0.002552101671881246,2.4475681967950358e-05,1.0957014287216182e-05,0.0,0.0025844557933396572,0.00017200166594499855
temporal,temporal_dt0.004,temporal_dt0.001,1,12.0,0,8.557630133980927e-07,7.923844112357197e-07,1.3025094197871567e-05,nan,1.1089862028690334e-08,7.51161798895339e-06,0.0,1.3026722484710263e-05,nan
temporal,temporal_dt0.004,temporal_dt0.001,1,12.0,1,8.557630133980927e-07,7.923844112357197e-07,3.255989959427552e-05,1.9534805396403954e-05,1.4078375937143228e-05,6.976045003548315e-06,0.0,3.5650564633726844e-05,2.76390956910344e-06
temporal,temporal_dt0.004,temporal_dt0.001,1,12.0,2,8.557630133980927e-07,7.923844112357197e-07,9.949133357167739e-06,4.250903295144326e-05,6.908208362021995e-06,7.912896240025447e-06,0.0,9.254151848381298e-06,8.391624527925856e-06
temporal,temporal_dt0.004,temporal_dt0.001,1,12.0,3,8.557630133980927e-07,7.923844112357197e-07,0.001610765191230712,0.0016008160578735442,2.205514515174478e-05,9.465181336709705e-06,0.0,0.0016053478966711054,5.584938391978156e-06
temporal,temporal_dt0.004,temporal_dt0.001,2,inf,0,8.557630133980927e-07,7.923844112357197e-07,0.00010978269920158823,nan,6.711523325986235e-08,7.627358396100625e-06,nan,0.00010982816624505176,nan
temporal,temporal_dt0.004,temporal_dt0.001,2,inf,1,8.557630133980927e-07,7.923844112357197e-07,0.00011583158016037487,0.0002256142793619631,8.610584988910652e-06,6.640683076319931e-06,0.0,0.00011395595749519316,4.047066979873115e-06
temporal,temporal_dt0.004,temporal_dt0.001,2,inf,2,8.557630133980927e-07,7.923844112357197e-07,2.605423379975491e-05,8.977734636061996e-05,8.77111150709986e-06,8.090067292743086e-06,0.0,2.520665234584385e-05,3.229486085021271e-05
temporal,temporal_dt0.004,temporal_dt0.001,2,inf,3,8.557630133980927e-07,7.923844112357197e-07,0.0003837765567737961,0.00035772232297404116,1.4290022316787443e-05,8.471151020983392e-06,0.0,0.00037986733134687256,5.695964052865321e-06
temporal,temporal_dt0.002,temporal_dt0.001,0,8.0,0,1.965520146397965e-07,1.8117786869348388e-07,6.945012038173104e-05,nan,5.7776754047722534e-08,1.4535446984931255e-06,0.0,6.945951772152625e-05,nan
temporal,temporal_dt0.002,temporal_dt0.001,0,8.0,1,1.965520146397965e-07,1.8117786869348388e-07,0.00046528146550883775,0.0003958313451271067,5.895801963307079e-06,1.4453317060958426e-06,0.0,0.00046654441668891877,0.00015275414873605622
temporal,temporal_dt0.002,temporal_dt0.001,0,8.0,2,1.965520146397965e-07,1.8117786869348388e-07,0.0003035014153596194,0.0007687828808684571,2.6848219871755674e-06,1.7110509817896968e-06,0.0,0.00030294435091349214,5.527560438145507e-05
temporal,temporal_dt0.002,temporal_dt0.001,0,8.0,3,1.965520146397965e-07,1.8117786869348388e-07,0.005193891148195462,0.0048903897328358426,1.3052883455655362e-05,4.3303361265678575e-06,0.0,0.005190753339775256,0.00017775443050860318
temporal,temporal_dt0.002,temporal_dt0.001,1,12.0,0,1.965520146397965e-07,1.8117786869348388e-07,2.7381574483342774e-06,nan,5.104008327094789e-10,1.4990163467176743e-06,0.0,2.7415578287559583e-06,nan
temporal,temporal_dt0.002,temporal_dt0.001,1,12.0,1,1.965520146397965e-07,1.8117786869348388e-07,5.3570791209267554e-05,5.083263376093328e-05,4.7001095385690306e-06,1.4085790835949297e-06,0.0,5.4601443409296735e-05,8.373615704049264e-06
temporal,temporal_dt0.002,temporal_dt0.001,1,12.0,2,1.965520146397965e-07,1.8117786869348388e-07,0.00018177752545511794,0.00012820673424585038,2.9036043047714344e-06,1.6691981876704176e-06,0.0,0.00018238609156639995,3.064194943136478e-05
temporal,temporal_dt0.002,temporal_dt0.001,1,12.0,3,1.965520146397965e-07,1.8117786869348388e-07,0.0008740159782973933,0.0006922384528422754,1.223501565017493e-05,3.1053998981178665e-06,0.0,0.0008767565373659636,5.672658485389448e-06
temporal,temporal_dt0.002,temporal_dt0.001,2,inf,0,1.965520146397965e-07,1.8117786869348388e-07,0.00010939168276635769,nan,3.4784925273534384e-08,1.5336718498515367e-06,nan,0.00010938368772883678,nan
temporal,temporal_dt0.002,temporal_dt0.001,2,inf,1,1.965520146397965e-07,1.8117786869348388e-07,8.057479458045691e-05,0.0001899664773468146,2.863198336533479e-06,1.3332242373431669e-06,0.0,7.995982921471523e-05,2.7896827363704797e-06
temporal,temporal_dt0.002,temporal_dt0.001,2,inf,2,1.965520146397965e-07,1.8117786869348388e-07,0.00011776887987480222,0.00019834367445525913,3.5466699799258095e-06,1.7001552722328839e-06,0.0,0.00011858946661646996,7.897634566744749e-05
temporal,temporal_dt0.002,temporal_dt0.001,2,inf,3,1.965520146397965e-07,1.8117786869348388e-07,0.0006347275330398361,0.0005169586531650339,8.224204063211893e-06,2.239249708879676e-06,0.0,0.0006366784166971229,9.581493681798392e-06
angular_width_1,angular_w1p0_lmax19,angular_w1p0_lmax27,0,8.0,0,5.304512824318161e-08,6.626727727460017e-08,6.387792907958101e-07,nan,1.1239354025249781e-07,3.1789004095728046e-08,0.0,8.91484088327843e-07,nan
angular_width_1,angular_w1p0_lmax19,angular_w1p0_lmax27,0,8.0,1,5.304512824318161e-08,6.626727727460017e-08,1.3824860900513158e-07,7.770278998009417e-07,1.132692240002342e-08,4.548161847139909e-10,0.0,2.88195067810193e-08,4.3535512328496395e-07
angular_width_1,angular_w1p0_lmax19,angular_w1p0_lmax27,0,8.0,2,5.304512824318161e-08,6.626727727460017e-08,7.720152694901117e-08,2.1545013595414275e-07,4.525684271783348e-10,1.716690456454728e-09,nan,9.02357299992218e-08,1.3018389211083559e-07
angular_width_1,angular_w1p0_lmax19,angular_w1p0_lmax27,0,8.0,3,5.304512824318161e-08,6.626727727460017e-08,1.74838703514979e-08,5.971765659751327e-08,2.0972664716012446e-09,6.09296169074014e-10,nan,2.521703379443352e-08,4.8819333686722644e-08
angular_width_1,angular_w1p0_lmax19,angular_w1p0_lmax27,1,12.0,0,5.304512824318161e-08,6.626727727460017e-08,1.9054625965964078e-07,nan,1.1653068177075454e-07,1.6805307145872916e-08,nan,2.265131726630898e-08,nan
angular_width_1,angular_w1p0_lmax19,angular_w1p0_lmax27,1,12.0,1,5.304512824318161e-08,6.626727727460017e-08,1.5174768961401242e-06,1.3269306364804834e-06,5.081523990480008e-08,4.719861390611868e-09,0.0,1.3691779017221961e-06,3.719566710191913e-08
angular_width_1,angular_w1p0_lmax19,angular_w1p0_lmax27,1,12.0,2,5.304512824318161e-08,6.626727727460017e-08,1.3903846962648458e-07,1.3784384265136396e-06,9.365779263248442e-10,8.962763864417411e-10,nan,1.459204383991164e-07,3.870276250594884e-07
angular_width_1,angular_w1p0_lmax19,angular_w1p0_lmax27,1,12.0,3,5.304512824318161e-08,6.626727727460017e-08,3.785100943787256e-08,1.0118746018861202e-07,2.354390793435357e-09,1.8232215737157276e-10,nan,2.95092519309037e-08,5.914945244711589e-08
angular_width_1,angular_w1p0_lmax19,angular_w1p0_lmax27,2,inf,0,5.304512824318161e-08,6.626727727460017e-08,8.431938169906061e-07,nan,6.53505356495998e-08,1.9103538528852937e-08,nan,8.946934997311473e-07,nan
angular_width_1,angular_w1p0_lmax19,angular_w1p0_lmax27,2,inf,1,5.304512824318161e-08,6.626727727460017e-08,2.583664425515053e-06,1.740470608524447e-06,6.093746929280996e-08,4.775469575335478e-09,0.0,2.625183213922355e-06,6.244639900732096e-07
angular_width_1,angular_w1p0_lmax19,angular_w1p0_lmax27,2,inf,2,5.304512824318161e-08,6.626727727460017e-08,2.5714625451200845e-07,2.3265181710030447e-06,5.5843503155017515e-09,1.3715537594549687e-09,nan,2.6017707455139316e-07,1.4213116763528433e-06
angular_width_1,angular_w1p0_lmax19,angular_w1p0_lmax27,2,inf,3,5.304512824318161e-08,6.626727727460017e-08,5.3057220839036745e-08,2.040890336729717e-07,1.679887229322219e-09,3.2246127990021023e-10,nan,5.008686798646522e-08,1.3662936981795326e-07
angular_width_1,angular_w1p0_lmax23,angular_w1p0_lmax27,0,8.0,0,2.509065992655811e-10,3.108361829834145e-10,1.8163213155730773e-09,nan,7.658800260657017e-10,8.773692883323747e-11,0.0,6.741196045823017e-09,nan
angular_width_1,angular_w1p0_lmax23,angular_w1p0_lmax27,0,8.0,1,2.509065992655811e-10,3.108361829834145e-10,4.296296651773446e-10,1.3866916503957327e-09,3.561151373787652e-11,3.2110647474326015e-11,0.0,6.543373842760047e-09,4.277099341365442e-09
angular_width_1,angular_w1p0_lmax23,angular_w1p0_lmax27,0,8.0,2,2.509065992655811e-10,3.108361829834145e-10,4.304325784687535e-10,8.029132914089132e-13,4.109745876945681e-11,2.2011281686218354e-11,nan,1.4692524530346418e-08,1.9106027870918751e-10
angular_width_1,angular_w1p0_lmax23,angular_w1p0_lmax27,0,8.0,3,2.509065992655811e-10,3.108361829834145e-10,1.1860379345307592e-10,3.1182878501567757e-10,3.525180147789797e-11,4.182765245275277e-12,nan,1.2639034707717656e-08,2.2565438406729754e-10
angular_width_1,angular_w1p0_lmax23,angular_w1p0_lmax27,1,12.0,0,2.509065992655811e-10,3.108361829834145e-10,3.002299564514033e-08,nan,5.248227408216621e-10,3.02343705627095e-11,nan,3.020265992859095e-08,nan
angular_width_1,angular_w1p0_lmax23,angular_w1p0_lmax27,1,12.0,1,2.509065992655811e-10,3.108361829834145e-10,1.355523693291616e-08,4.3578232578056486e-08,2.8597346712899707e-10,2.1744828160308316e-12,0.0,2.3485888789309683e-08,1.626631451756566e-08
angular_width_1,angular_w1p0_lmax23,angular_w1p0_lmax27,1,12.0,2,2.509065992655811e-10,3.108361829834145e-10,4.3354475565138273e-10,1.3121692177264777e-08,4.6145198773217544e-11,1.6869838859179254e-11,nan,5.448725914902752e-09,9.199190298403437e-10
angular_width_1,angular_w1p0_lmax23,angular_w1p0_lmax27,1,12.0,3,2.509065992655811e-10,3.108361829834145e-10,2.8536817353597144e-10,1.481765821154113e-10,3.320543839890888e-11,2.2373214392246155e-12,nan,6.2110530052450486e-09,5.6746718435363164e-11
angular_width_1,angular_w1p0_lmax23,angular_w1p0_lmax27,2,inf,0,2.509065992655811e-10,3.108361829834145e-10,1.1741956740252135e-08,nan,9.666045741596463e-12,7.165323889779529e-11,nan,1.1806289279547855e-08,nan
angular_width_1,angular_w1p0_lmax23,angular_w1p0_lmax27,2,inf,1,2.509065992655811e-10,3.108361829834145e-10,1.7891245818191237e-08,2.9633202558443372e-08,4.5385428748545564e-10,2.1907586855718364e-11,0.0,1.7898962312301592e-08,1.244810754474912e-08
angular_width_1,angular_w1p0_lmax23,angular_w1p0_lmax27,2,inf,2,2.509065992655811e-10,3.108361829834145e-10,5.280540449348337e-10,1.841929986312607e-08,5.697253779857192e-11,2.7073454589299217e-11,nan,6.130349561317416e-10,1.1350735018567093e-08
angular_width_1,angular_w1p0_lmax23,angular_w1p0_lmax27,2,inf,3,2.509065992655811e-10,3.108361829834145e-10,4.877449555351632e-10,1.0157990004699968e-09,3.105737889086413e-11,2.9882762930810713e-12,nan,5.5720619229759905e-09,9.646690113385148e-10
angular_width_0.7,angular_w0p7_lmax27,angular_w0p7_lmax35,0,8.0,0,6.3124683677023e-08,7.837321419727389e-08,3.8094643670660844e-06,nan,3.2725158027879786e-08,8.789316607860087e-09,0.0,3.799829745076977e-06,nan
angular_width_0.7,angular_w0p7_lmax27,angular_w0p7_lmax35,0,8.0,1,6.3124683677023e-08,7.837321419727389e-08,3.036775879650122e-07,3.505786779101072e-06,7.03120983658323e-09,6.846045952357827e-10,0.0,2.884686622905974e-07,2.504452735085927e-06
angular_width_0.7,angular_w0p7_lmax27,angular_w0p7_lmax35,0,8.0,2,6.3124683677023e-08,7.837321419727389e-08,2.134747063564646e-07,9.020288160854761e-08,2.0601159667066327e-09,3.834929040991142e-10,0.0,2.139317416549602e-07,1.0467695110705222e-07
angular_width_0.7,angular_w0p7_lmax27,angular_w0p7_lmax35,0,8.0,3,6.3124683677023e-08,7.837321419727389e-08,2.4852383262441435e-08,1.8862232309402316e-07,6.172180544439243e-09,2.1047763532067165e-10,0.0,3.095290423971164e-08,1.8175543448073483e-07
angular_width_0.7,angular_w0p7_lmax27,angular_w0p7_lmax35,1,12.0,0,6.3124683677023e-08,7.837321419727389e-08,1.9167932521213515e-06,nan,4.062725122988553e-08,1.5139937525887603e-08,0.0,1.912680520632648e-06,nan
angular_width_0.7,angular_w0p7_lmax27,angular_w0p7_lmax35,1,12.0,1,6.3124683677023e-08,7.837321419727389e-08,1.197953871212576e-06,3.1147471233339274e-06,1.3180780245036772e-08,3.8011060965459365e-10,0.0,1.2116837311282325e-06,2.0268473910345364e-07
angular_width_0.7,angular_w0p7_lmax27,angular_w0p7_lmax35,1,12.0,2,6.3124683677023e-08,7.837321419727389e-08,1.0358742486005212e-07,1.0943664463525238e-06,1.6888730414166275e-09,5.724861695810546e-10,0.0,1.0581810983012474e-07,1.1329973448326314e-07
angular_width_0.7,angular_w0p7_lmax27,angular_w0p7_lmax35,1,12.0,3,6.3124683677023e-08,7.837321419727389e-08,5.832106353409472e-08,4.5266361325957405e-08,6.4672014410405154e-09,7.691625114603085e-11,0.0,5.7283131127405795e-08,6.186501977367698e-08
angular_width_0.7,angular_w0p7_lmax27,angular_w0p7_lmax35,2,inf,0,6.3124683677023e-08,7.837321419727389e-08,1.3047905333962717e-06,nan,3.3277607336401616e-09,1.4484342614196066e-09,nan,1.330108034380828e-06,nan
angular_width_0.7,angular_w0p7_lmax27,angular_w0p7_lmax35,2,inf,1,6.3124683677023e-08,7.837321419727389e-08,4.3139725391938555e-07,8.733932794768862e-07,6.451315903710508e-08,4.805498221571725e-10,0.0,4.277565324173338e-07,1.7779444660970256e-07
angular_width_0.7,angular_w0p7_lmax27,angular_w0p7_lmax35,2,inf,2,6.3124683677023e-08,7.837321419727389e-08,2.4142615018263314e-07,1.899711037367524e-07,1.363309909407917e-09,5.723459484130444e-10,0.0,2.5053285668263925e-07,1.2528786030863162e-07
angular_width_0.7,angular_w0p7_lmax27,angular_w0p7_lmax35,2,inf,3,6.3124683677023e-08,7.837321419727389e-08,6.316142275863967e-09,2.3511000790676917e-07,5.513517864486062e-09,1.9901069681083072e-10,0.0,2.1970009811411728e-08,1.585077360477527e-07
angular_width_0.7,angular_w0p7_lmax31,angular_w0p7_lmax35,0,8.0,0,7.951042983804101e-10,9.741320490083013e-10,5.41204201454093e-08,nan,2.2013668665721298e-09,7.754907827006718e-11,0.0,6.397969443128204e-08,nan
angular_width_0.7,angular_w0p7_lmax31,angular_w0p7_lmax35,0,8.0,1,7.951042983804101e-10,9.741320490083013e-10,1.1978528391409782e-08,4.2141891753999516e-08,3.321598551764282e-11,2.6731394875412207e-11,0.0,1.528553639218444e-08,1.481533096203691e-08
angular_width_0.7,angular_w0p7_lmax31,angular_w0p7_lmax35,0,8.0,2,7.951042983804101e-10,9.741320490083013e-10,1.0594831678645278e-08,1.383696712764504e-09,9.279277346507797e-11,5.769829058976939e-13,0.0,9.962199953861273e-09,1.4674732540242985e-09
angular_width_0.7,angular_w0p7_lmax31,angular_w0p7_lmax35,0,8.0,3,7.951042983804101e-10,9.741320490083013e-10,2.4372326379307196e-09,8.157599040714558e-09,2.4595125935888973e-10,6.3197225230737786e-12,0.0,3.902115963683173e-09,2.4300097489771133e-09
angular_width_0.7,angular_w0p7_lmax31,angular_w0p7_lmax35,1,12.0,0,7.951042983804101e-10,9.741320490083013e-10,4.861978908365927e-08,nan,1.2790766223957917e-09,2.2469825999849036e-10,0.0,4.770440042989321e-08,nan
angular_width_0.7,angular_w0p7_lmax31,angular_w0p7_lmax35,1,12.0,1,7.951042983804101e-10,9.741320490083013e-10,1.9765963088502758e-08,6.838575217216203e-08,4.567620726092514e-10,7.570388760314017e-12,0.0,2.0555440016778448e-08,1.0196887778590735e-09
angular_width_0.7,angular_w0p7_lmax31,angular_w0p7_lmax35,1,12.0,2,7.951042983804101e-10,9.741320490083013e-10,4.8984318823386275e-09,1.486753120616413e-08,8.521239269754233e-11,9.7524210929123e-12,0.0,3.0182647492438264e-09,2.6082491721979295e-10
angular_width_0.7,angular_w0p7_lmax31,angular_w0p7_lmax35,1,12.0,3,7.951042983804101e-10,9.741320490083013e-10,6.187107715049933e-09,1.2886758327113057e-09,2.6167679134658783e-10,4.5884407384733095e-12,0.0,7.083087893988704e-09,6.236129390657652e-10
angular_width_0.7,angular_w0p7_lmax31,angular_w0p7_lmax35,2,inf,0,7.951042983804101e-10,9.741320490083013e-10,5.488394805297503e-08,nan,1.0536316263909384e-10,7.179279393199067e-11,nan,5.49317142883865e-08,nan
angular_width_0.7,angular_w0p7_lmax31,angular_w0p7_lmax35,2,inf,1,7.951042983804101e-10,9.741320490083013e-10,5.3979803738002374e-08,1.088637517909774e-07,1.255407777733808e-09,1.8170576154830087e-11,0.0,4.7701611549655354e-08,2.4417146082811314e-08
angular_width_0.7,angular_w0p7_lmax31,angular_w0p7_lmax35,2,inf,2,7.951042983804101e-10,9.741320490083013e-10,1.069816590870687e-08,6.467796964670924e-08,9.635048314748929e-11,3.1191715876843773e-12,0.0,1.2801919524463301e-09,5.8920867740397405e-08
angular_width_0.7,angular_w0p7_lmax31,angular_w0p7_lmax35,2,inf,3,7.951042983804101e-10,9.741320490083013e-10,8.57838244883169e-10,9.8403276638237e-09,2.498589113386629e-10,7.006839553014288e-12,0.0,1.4652954405391938e-08,2.2825521472924493e-09
angular_width_0.5,angular_w0p5_lmax38,angular_w0p5_lmax46,0,8.0,0,5.999226888341282e-08,3.558777457005324e-08,1.4555049787645657e-07,nan,6.586963019472591e-08,1.1898768526030779e-08,0.0,1.3846834079345172e-07,nan
angular_width_0.5,angular_w0p5_lmax38,angular_w0p5_lmax46,0,8.0,1,5.999226888341282e-08,3.558777457005324e-08,2.223074986318352e-07,7.675700075537861e-08,4.824263211133939e-10,4.690752231084616e-10,0.0,2.2258684850839927e-07,8.590413602682645e-09
angular_width_0.5,angular_w0p5_lmax38,angular_w0p5_lmax46,0,8.0,2,5.999226888341282e-08,3.558777457005324e-08,1.7897689730261845e-07,4.3330601329216734e-08,5.3152355850016875e-09,3.7594594104461976e-11,0.0,1.8006279134397118e-07,2.760251360811594e-09
angular_width_0.5,angular_w0p5_lmax38,angular_w0p5_lmax46,0,8.0,3,5.999226888341282e-08,3.558777457005324e-08,1.2153762440902938e-07,3.0051452171164783e-07,3.8549698988532555e-09,3.8420266967875705e-11,0.0,1.2270423610516445e-07,4.117964857996981e-09
angular_width_0.5,angular_w0p5_lmax38,angular_w0p5_lmax46,1,12.0,0,5.999226888341282e-08,3.558777457005324e-08,4.79746251613733e-07,nan,4.098797545815103e-08,1.1059821058978514e-08,0.0,4.785873599644219e-07,nan
angular_width_0.5,angular_w0p5_lmax38,angular_w0p5_lmax46,1,12.0,1,5.999226888341282e-08,3.558777457005324e-08,4.4730478521159966e-07,3.24414664021333e-08,1.3413145261154114e-08,6.902585170109887e-10,0.0,4.440305048092341e-07,3.287778249649875e-08
angular_width_0.5,angular_w0p5_lmax38,angular_w0p5_lmax46,1,12.0,2,5.999226888341282e-08,3.558777457005324e-08,1.6840061789480387e-07,2.789041673167958e-07,5.37853039883629e-09,1.593462028992576e-10,0.0,1.7098629001566223e-07,4.3064917409907366e-08
angular_width_0.5,angular_w0p5_lmax38,angular_w0p5_lmax46,1,12.0,3,5.999226888341282e-08,3.558777457005324e-08,1.8242934629597585e-07,3.508299641907797e-07,4.335449332870667e-09,1.7282619779734887e-11,0.0,1.8526499445670197e-07,2.6613937720298964e-09
angular_width_0.5,angular_w0p5_lmax38,angular_w0p5_lmax46,2,inf,0,5.999226888341282e-08,3.558777457005324e-08,1.3096671480639088e-07,nan,1.9813680474101147e-08,2.6071924619230913e-09,nan,1.4197513564795372e-07,nan
angular_width_0.5,angular_w0p5_lmax38,angular_w0p5_lmax46,2,inf,1,5.999226888341282e-08,3.558777457005324e-08,4.3093046286912795e-07,2.9996374806273707e-07,4.315881674266109e-08,4.660980490456268e-10,0.0,4.193890603687578e-07,3.4339316945519727e-09
angular_width_0.5,angular_w0p5_lmax38,angular_w0p5_lmax46,2,inf,2,5.999226888341282e-08,3.558777457005324e-08,9.957057045539841e-08,5.305010333245264e-07,6.340195257692471e-09,7.330047679943164e-11,0.0,1.083238103660733e-07,2.0484070462067905e-07
angular_width_0.5,angular_w0p5_lmax38,angular_w0p5_lmax46,2,inf,3,5.999226888341282e-08,3.558777457005324e-08,4.612746806742507e-08,1.4569803852282348e-07,4.017819188462113e-09,3.521594127420258e-11,0.0,5.5994050285335106e-08,4.0009373591942676e-10
angular_width_0.5,angular_w0p5_lmax42,angular_w0p5_lmax46,0,8.0,0,2.2741009913860035e-09,1.1120527718456679e-09,1.340821143003268e-07,nan,1.3575590651626612e-09,4.692688460039562e-10,0.0,1.4385387814286332e-07,nan
angular_width_0.5,angular_w0p5_lmax42,angular_w0p5_lmax46,0,8.0,1,2.2741009913860035e-09,1.1120527718456679e-09,7.478874408661795e-09,1.26603239891665e-07,3.073296062083841e-10,3.4019453920564047e-12,0.0,7.578840666155884e-09,5.607728315037974e-08
angular_width_0.5,angular_w0p5_lmax42,angular_w0p5_lmax46,0,8.0,2,2.2741009913860035e-09,1.1120527718456679e-09,2.1275177175539284e-08,1.3796302766877488e-08,2.1903856506355623e-10,2.254196829198918e-12,0.0,2.0161664338047558e-08,2.4597786030255975e-09
angular_width_0.5,angular_w0p5_lmax42,angular_w0p5_lmax46,0,8.0,3,2.2741009913860035e-09,1.1120527718456679e-09,1.1621182238741312e-08,3.2896359414280596e-08,3.022604389002481e-10,2.341016269724605e-12,0.0,1.03962065622909e-08,4.65152583117856e-10
angular_width_0.5,angular_w0p5_lmax42,angular_w0p5_lmax46,1,12.0,0,2.2741009913860035e-09,1.1120527718456679e-09,7.96270107628061e-08,nan,1.0488205859360278e-09,4.644633566641687e-10,0.0,8.064301226795578e-08,nan
angular_width_0.5,angular_w0p5_lmax42,angular_w0p5_lmax46,1,12.0,1,2.2741009913860035e-09,1.1120527718456679e-09,1.7143854336154618e-08,9.677086509896071e-08,6.618998682483834e-10,2.5878299503290236e-11,0.0,1.486851175513948e-08,1.861860887686362e-08
angular_width_0.5,angular_w0p5_lmax42,angular_w0p5_lmax46,1,12.0,2,2.2741009913860035e-09,1.1120527718456679e-09,1.9119468674944073e-08,3.626332301109869e-08,2.0438095660324507e-10,3.0698776853910203e-12,0.0,1.6473009623041435e-08,7.614462615990192e-09
angular_width_0.5,angular_w0p5_lmax42,angular_w0p5_lmax46,1,12.0,3,2.2741009913860035e-09,1.1120527718456679e-09,1.736471233471093e-08,3.6484181009655003e-08,3.1619362683699137e-10,1.0257350524511821e-12,0.0,1.4510135315504158e-08,2.864963821735955e-10
angular_width_0.5,angular_w0p5_lmax42,angular_w0p5_lmax46,2,inf,0,2.2741009913860035e-09,1.1120527718456679e-09,1.0713279152696487e-08,nan,5.883538101159047e-11,2.1997270671647584e-10,nan,2.6243291983973904e-08,nan
angular_width_0.5,angular_w0p5_lmax42,angular_w0p5_lmax46,2,inf,1,2.2741009913860035e-09,1.1120527718456679e-09,8.185427446960603e-08,9.256755362230251e-08,8.831664288777574e-10,1.1075362849055637e-11,0.0,9.26527903288843e-08,2.7381843459295396e-09
angular_width_0.5,angular_w0p5_lmax42,angular_w0p5_lmax46,2,inf,2,2.2741009913860035e-09,1.1120527718456679e-09,1.083748912833471e-08,9.269176359794074e-08,2.37550645820761e-10,9.93294335671635e-12,0.0,2.116216535341664e-09,3.440587947878271e-08
angular_width_0.5,angular_w0p5_lmax42,angular_w0p5_lmax46,2,inf,3,2.2741009913860035e-09,1.1120527718456679e-09,4.3875161281903274e-09,1.5225005256525037e-08,3.0546853935220497e-10,1.8047785488306545e-12,0.0,5.458900886878837e-09,2.3229862478046925e-11
source_width,width_w1p0,width_w0p5,0,8.0,0,0.4988441164189372,0.4952120236616933,0.5313795978934301,nan,0.5806061261708686,0.9154443092670838,0.3883333333333334,0.2718995091978371,nan
source_width,width_w1p0,width_w0p5,0,8.0,1,0.4988441164189372,0.4952120236616933,0.8595147658136213,1.3908943637070514,0.6130937189450829,0.9375040052984289,0.595,0.4739900061074209,0.06796600385585572
source_width,width_w1p0,width_w0p5,0,8.0,2,0.4988441164189372,0.4952120236616933,0.6926593893571251,1.5521741551707464,0.6842083743659121,0.9379548511667589,nan,0.2274436032182905,0.34573087574112016
source_width,width_w1p0,width_w0p5,0,8.0,3,0.4988441164189372,0.4952120236616933,0.8973036937101142,1.5899630830672393,0.6251529228975459,0.9400214970524924,nan,0.3257525142372373,0.6411459900400598
source_width,width_w1p0,width_w0p5,1,12.0,0,0.4988441164189372,0.4952120236616933,0.37815009352653917,nan,0.5268669472865646,0.8908491433173922,nan,0.10266829389736287,nan
source_width,width_w1p0,width_w0p5,1,12.0,1,0.4988441164189372,0.4952120236616933,0.8607378274448081,1.2388879209713473,0.618259166367753,0.9375857370155456,0.5716666666666665,0.26220585337864577,0.11814865237636518
source_width,width_w1p0,width_w0p5,1,12.0,2,0.4988441164189372,0.4952120236616933,0.7437844353056704,1.6045222627504785,0.6782645546516467,0.9378663434522225,nan,0.0012156127813227613,0.3281792230106324
source_width,width_w1p0,width_w0p5,1,12.0,3,0.4988441164189372,0.4952120236616933,0.8878338653415767,1.631618300647247,0.6270854678742044,0.9398844426847005,nan,0.21327457788316906,0.6863305957098359
source_width,width_w1p0,width_w0p5,2,inf,0,0.4988441164189372,0.4952120236616933,0.20510382071721267,nan,0.5024083390302678,0.8769354140914881,nan,0.35638384440053983,nan
source_width,width_w1p0,width_w0p5,2,inf,1,0.4988441164189372,0.4952120236616933,0.8479135379078002,1.053017358625013,0.6323083164941858,0.9381264139844219,0.5233333333333334,0.14718077906343296,0.16219290876410808
source_width,width_w1p0,width_w0p5,2,inf,2,0.4988441164189372,0.4952120236616933,0.8480705865286708,1.695984124436471,0.6689751549308834,0.9376807222946039,nan,1.209929477015045,0.27311158007658665
source_width,width_w1p0,width_w0p5,2,inf,3,0.4988441164189372,0.4952120236616933,0.8362940553175093,1.6843646418461802,0.6301016080258969,0.9396228579161114,nan,0.028216543595164012,0.6886626457898712
source_width,width_w0p7,width_w0p5,0,8.0,0,0.2745961265659442,0.2722072617524639,0.19724209027531003,nan,0.3323133057517996,0.6872928410071046,0.16000000000000003,0.12366143997126855,nan
source_width,width_w0p7,width_w0p5,0,8.0,1,0.2745961265659442,0.2722072617524639,0.31403593225559945,0.5112780225309095,0.379380056161184,0.7395593012403946,0.2283333333333334,0.21949099889879875,0.03531239134511566
source_width,width_w0p7,width_w0p5,0,8.0,2,0.2745961265659442,0.2722072617524639,0.22967355102804987,0.5437094832836493,0.408915210179136,0.7403931589297925,0.2516666666666669,0.18905932728745967,0.03375015551111304
source_width,width_w0p7,width_w0p5,0,8.0,3,0.2745961265659442,0.2722072617524639,0.32796498616974645,0.5576385371977963,0.3886962180677048,0.7428312058118767,0.255,0.20943715708409627,0.02641798121430061
source_width,width_w0p7,width_w0p5,1,12.0,0,0.2745961265659442,0.2722072617524639,0.12832256979275414,nan,0.2988504704929532,0.6520071287623784,0.19500000000000017,0.07674666571444888,nan
source_width,width_w0p7,width_w0p5,1,12.0,1,0.2745961265659442,0.2722072617524639,0.3081454752674375,0.43646804506019166,0.3822392626032587,0.7397125782378189,0.21999999999999997,0.1785052234157476,0.05623980017758601
source_width,width_w0p7,width_w0p5,1,12.0,2,0.2745961265659442,0.2722072617524639,0.23877638810252222,0.5469218633699597,0.4078676022180199,0.74020729309202,0.25,0.17516516854299624,0.009054406678258298
source_width,width_w0p7,width_w0p5,1,12.0,3,0.2745961265659442,0.2722072617524639,0.3184129326932066,0.5571893207957288,0.38968495764935673,0.7426716384382762,0.2583333333333332,0.1869627120066042,0.044372087799051
source_width,width_w0p7,width_w0p5,2,inf,0,0.2745961265659442,0.2722072617524639,0.06496736719311968,nan,0.28666215101673254,0.6371074788220512,nan,0.0025788555586565565,nan
source_width,width_w0p7,width_w0p5,2,inf,1,0.2745961265659442,0.2722072617524639,0.29684823752561584,0.36181560471873553,0.38738541668245574,0.7405175183028991,0.20333333333333337,0.1122883316092711,0.08083498031612235
source_width,width_w0p7,width_w0p5,2,inf,2,0.2745961265659442,0.2722072617524639,0.24967248832035693,0.5465207258459728,0.4078317378544374,0.7397951351326235,0.2433333333333334,0.14610218389037755,0.0061609588062951914
source_width,width_w0p7,width_w0p5,2,inf,3,0.2745961265659442,0.2722072617524639,0.3017784398454353,0.5514509281657922,0.39031537790192317,0.7423424620865611,0.2649999999999999,0.15117868260838918,0.05562714943880298
source_width_sds_L20,width_sds_L20_w1p0,width_sds_L20_w0p5,0,8.0,0,0.38672986999909253,0.36656132957982346,0.5251340562352489,nan,0.5725598939004184,0.9115935874584616,0.3783333333333332,0.29261103525017873,nan
source_width_sds_L20,width_sds_L20_w1p0,width_sds_L20_w0p5,0,8.0,1,0.38672986999909253,0.36656132957982346,0.7467594141962124,1.2718934704314613,0.6014560274299867,0.937892663835092,0.6316666666666666,2.040463239579985,0.08196043778046502
source_width_sds_L20,width_sds_L20_w1p0,width_sds_L20_w0p5,0,8.0,2,0.38672986999909253,0.36656132957982346,2.6882671449478295,1.941507730751617,0.6829201472588836,0.9394827600148402,nan,1.1362671900250945,nan
source_width_sds_L20,width_sds_L20_w1p0,width_sds_L20_w0p5,0,8.0,3,0.38672986999909253,0.36656132957982346,0.6441316655953528,2.0441354793524766,0.647836082185196,0.9423924879250231,nan,2.919131752563416,1.1911041784325578
source_width_sds_L20,width_sds_L20_w1p0,width_sds_L20_w0p5,1,12.0,0,0.38672986999909253,0.36656132957982346,0.397592669398275,nan,0.5217118460971626,0.8875164058794216,nan,0.12209601443878881,nan
source_width_sds_L20,width_sds_L20_w1p0,width_sds_L20_w0p5,1,12.0,1,0.38672986999909253,0.36656132957982346,0.7429693842141276,1.1405620536124026,0.6018153465982161,0.9376040657752398,0.6266666666666667,1.2694529722280947,0.13580721359251258
source_width_sds_L20,width_sds_L20_w1p0,width_sds_L20_w0p5,1,12.0,2,0.38672986999909253,0.36656132957982346,2.6195871888811055,1.876617804666978,0.6849404325437776,0.9387505123751044,nan,0.9835872695682681,nan
source_width_sds_L20,width_sds_L20_w1p0,width_sds_L20_w0p5,1,12.0,3,0.38672986999909253,0.36656132957982346,0.6160311973629575,2.003555991518148,0.6400596327759828,0.9418440481626131,nan,3.102031253372175,1.1479003769590024
source_width_sds_L20,width_sds_L20_w1p0,width_sds_L20_w0p5,2,18.91298547847183,0,0.38672986999909253,0.36656132957982346,0.3781305981660168,nan,0.5092551436582631,0.8801150145334365,nan,0.021388103494167865,nan
source_width_sds_L20,width_sds_L20_w1p0,width_sds_L20_w0p5,2,18.91298547847183,1,0.38672986999909253,0.36656132957982346,0.7087275628467395,1.0868581610127563,0.6024054830736425,0.9372000453464547,0.6400000000000001,0.9362264275197347,0.16853459376839816
source_width_sds_L20,width_sds_L20_w1p0,width_sds_L20_w0p5,2,18.91298547847183,2,0.38672986999909253,0.36656132957982346,2.5371035455764073,1.8283759827296677,0.6783067105630647,0.9380388864687761,nan,0.8761035301393107,nan
source_width_sds_L20,width_sds_L20_w1p0,width_sds_L20_w0p5,2,18.91298547847183,3,0.38672986999909253,0.36656132957982346,0.5750982367092377,1.9620053088671696,0.6355280930531866,0.9410849048534665,nan,3.205098254297411,1.0882527044746255
source_width_sds_L20,width_sds_L20_w0p7,width_sds_L20_w0p5,0,8.0,0,0.21239629060336576,0.20094193595733836,0.19097439493530644,nan,0.32628297301059217,0.6807638971712344,0.15500000000000003,0.12746177674415193,nan
source_width_sds_L20,width_sds_L20_w0p7,width_sds_L20_w0p5,0,8.0,1,0.21239629060336576,0.20094193595733836,0.3122711004507295,0.5032454953860359,0.3604810181956306,0.7395370310695222,0.24333333333333318,0.4266988584418172,0.05799741118423518
source_width_sds_L20,width_sds_L20_w0p7,width_sds_L20_w0p5,0,8.0,2,0.21239629060336576,0.20094193595733836,0.9406920478163272,0.6284209473655977,0.4474772373042818,0.7399708892553145,0.17833333333333323,0.5393112074041113,0.05117686311163494
source_width_sds_L20,width_sds_L20_w0p7,width_sds_L20_w0p5,0,8.0,3,0.21239629060336576,0.20094193595733836,0.2801273213143105,0.6605647265020167,0.3709959095409242,0.7451004616603472,nan,0.49457977978951817,0.043044535379959115
source_width_sds_L20,width_sds_L20_w0p7,width_sds_L20_w0p5,1,12.0,0,0.21239629060336576,0.20094193595733836,0.13309090373116206,nan,0.2957043020887046,0.6478728660541777,0.19666666666666677,0.08548781696571339,nan
source_width_sds_L20,width_sds_L20_w0p7,width_sds_L20_w0p5,1,12.0,1,0.21239629060336576,0.20094193595733836,0.3038568736131566,0.43694777734431867,0.3651949028448991,0.7394414309506192,0.24,0.3563310570014693,0.0817439864595686
source_width_sds_L20,width_sds_L20_w0p7,width_sds_L20_w0p5,1,12.0,2,0.21239629060336576,0.20094193595733836,0.8393778685535693,0.5355209949404127,0.44598033642621404,0.739876489545084,0.5333333333333332,0.4589377426852579,0.047171020244476614
source_width_sds_L20,width_sds_L20_w0p7,width_sds_L20_w0p5,1,12.0,3,0.21239629060336576,0.20094193595733836,0.27301103589445574,0.5663668326591136,0.366958824089463,0.7442377504358265,nan,0.5075049448555262,0.03197803140491695
source_width_sds_L20,width_sds_L20_w0p7,width_sds_L20_w0p5,2,18.91298547847183,0,0.21239629060336576,0.20094193595733836,0.12231805068373802,nan,0.2894158099685472,0.6399552127178476,nan,0.05984173809378035,nan
source_width_sds_L20,width_sds_L20_w0p7,width_sds_L20_w0p5,2,18.91298547847183,1,0.21239629060336576,0.20094193595733836,0.28957109421904903,0.41188914490278705,0.367657056928022,0.7390752755685253,0.2433333333333334,0.3031102637925258,0.0896681372895296
source_width_sds_L20,width_sds_L20_w0p7,width_sds_L20_w0p5,2,18.91298547847183,2,0.21239629060336576,0.20094193595733836,0.8039637467777325,0.5143926525586835,0.4392545899235606,0.7394307869152004,nan,0.4463973780140691,0.04476876022989695
source_width_sds_L20,width_sds_L20_w0p7,width_sds_L20_w0p5,2,18.91298547847183,3,0.21239629060336576,0.20094193595733836,0.26679553665870515,0.5371682101190274,0.36526511660731853,0.7433378919435462,nan,0.5022485648268997,0.030117075813292038
source_width_sds_L80,width_sds_L80_w1p0,width_sds_L80_w0p5,0,8.0,0,0.48059215996290594,0.47297980035095777,0.5318840338377875,nan,0.5801758386181253,0.9152315187261902,0.3883333333333334,0.2093904265775386,nan
source_width_sds_L80,width_sds_L80_w1p0,width_sds_L80_w0p5,0,8.0,1,0.48059215996290594,0.47297980035095777,0.8554641527665936,1.387348186604381,0.6108734981727808,0.9375382504155277,0.5983333333333334,0.5699628797705216,0.090536921933562
source_width_sds_L80,width_sds_L80_w1p0,width_sds_L80_w0p5,0,8.0,2,0.48059215996290594,0.47297980035095777,0.6030807261790869,1.4585448789456805,0.6934078825265929,0.9379517665951804,nan,0.45457828368883213,0.3227867242282909
source_width_sds_L80,width_sds_L80_w1p0,width_sds_L80_w0p5,0,8.0,3,0.48059215996290594,0.47297980035095777,0.8958296990141861,1.498910425193273,0.6213838191829557,0.9401330319596168,0.5800000000000001,0.5063332170943369,0.6690524174299662
source_width_sds_L80,width_sds_L80_w1p0,width_sds_L80_w0p5,1,12.0,0,0.48059215996290594,0.47297980035095777,0.3794377371173425,nan,0.5266014260942675,0.890661089364897,nan,0.039888345720662244,nan
source_width_sds_L80,width_sds_L80_w1p0,width_sds_L80_w0p5,1,12.0,1,0.48059215996290594,0.47297980035095777,0.8565619018421984,1.235999638959541,0.6159398164456227,0.9376090784440747,0.575,0.3420432863027827,0.1195833846783676
source_width_sds_L80,width_sds_L80_w1p0,width_sds_L80_w0p5,1,12.0,2,0.48059215996290594,0.47297980035095777,0.6777213941314173,1.5342832959736157,0.6869830361120098,0.9378686837723078,nan,0.28233836564378123,0.31119107225922193
source_width_sds_L80,width_sds_L80_w1p0,width_sds_L80_w0p5,1,12.0,3,0.48059215996290594,0.47297980035095777,0.8776235364219076,1.555344930553325,0.6233134385720984,0.9399800871170751,0.5483333333333333,0.3700877057538605,0.6765525201044926
source_width_sds_L80,width_sds_L80_w1p0,width_sds_L80_w0p5,2,78.98059813298828,0,0.48059215996290594,0.47297980035095777,0.2700736373584114,nan,0.504209336484299,0.8777162301328003,nan,0.337423816790718,nan
source_width_sds_L80,width_sds_L80_w1p0,width_sds_L80_w0p5,2,78.98059813298828,1,0.48059215996290594,0.47297980035095777,0.8238242737585111,1.0938979111169225,0.6248825997191615,0.9379459198999327,0.5533333333333332,0.03967104035596236,0.14988248894614975
source_width_sds_L80,width_sds_L80_w1p0,width_sds_L80_w0p5,2,78.98059813298828,2,0.48059215996290594,0.47297980035095777,0.7808385943247416,1.6046628680832526,0.6815159154307344,0.9376995536198598,0.39833333333333343,0.0278385856291834,0.2324999100368066
source_width_sds_L80,width_sds_L80_w1p0,width_sds_L80_w0p5,2,78.98059813298828,3,0.48059215996290594,0.47297980035095777,0.8085479194067346,1.5893865137314762,0.6245695010968267,0.939655560542085,nan,0.14899786869344211,0.6971536259405945
source_width_sds_L80,width_sds_L80_w0p7,width_sds_L80_w0p5,0,8.0,0,0.26451040386035873,0.25990094385504836,0.19751154766187895,nan,0.33196732611457247,0.6869240603080407,0.16000000000000003,0.11592238973425495,nan
source_width_sds_L80,width_sds_L80_w0p7,width_sds_L80_w0p5,0,8.0,1,0.26451040386035873,0.25990094385504836,0.3161277692709845,0.5136393169328635,0.3777261466917171,0.7395773941092729,0.22999999999999998,0.23765492314588244,0.04053643799344675
source_width_sds_L80,width_sds_L80_w0p7,width_sds_L80_w0p5,0,8.0,2,0.26451040386035873,0.25990094385504836,0.20957457497916465,0.5257023442501492,0.41205940726382895,0.7404354974127143,0.2466666666666668,0.20107877868615276,0.021533736880975596
source_width_sds_L80,width_sds_L80_w0p7,width_sds_L80_w0p5,0,8.0,3,0.26451040386035873,0.25990094385504836,0.3368979093412463,0.546472484320411,0.38594814154354307,0.7429187953355229,0.22666666666666668,0.24340145339861863,0.03832878385834615
source_width_sds_L80,width_sds_L80_w0p7,width_sds_L80_w0p5,1,12.0,0,0.26451040386035873,0.25990094385504836,0.12926762046761553,nan,0.29866688356876714,0.6517674413614571,0.19666666666666677,0.06881666829684718,nan
source_width_sds_L80,width_sds_L80_w0p7,width_sds_L80_w0p5,1,12.0,1,0.26451040386035873,0.25990094385504836,0.30991375392188303,0.43918137438949856,0.38084490574158525,0.7397295866778907,0.21999999999999997,0.19329634598026502,0.05888744431733672
source_width_sds_L80,width_sds_L80_w0p7,width_sds_L80_w0p5,1,12.0,2,0.26451040386035873,0.25990094385504836,0.21916672121963643,0.5290804751415195,0.4106844440627939,0.7402544308721806,0.2400000000000002,0.1847126977473934,0.009612308467557673
source_width_sds_L80,width_sds_L80_w0p7,width_sds_L80_w0p5,1,12.0,3,0.26451040386035873,0.25990094385504836,0.325519524486495,0.5446862457061314,0.3872690614415024,0.7427584308808797,0.21833333333333327,0.2169311716595388,0.05562740950333045
source_width_sds_L80,width_sds_L80_w0p7,width_sds_L80_w0p5,2,78.98059813298828,0,0.26451040386035873,0.25990094385504836,0.08649305973743182,nan,0.2874198991174094,0.6378218714767394,nan,0.008901022289066418,nan
source_width_sds_L80,width_sds_L80_w0p7,width_sds_L80_w0p5,2,78.98059813298828,1,0.26451040386035873,0.25990094385504836,0.29538661500468777,0.3818796747421196,0.38398281590533134,0.740268554946511,0.21333333333333337,0.12489951101367325,0.08085073670294353
source_width_sds_L80,width_sds_L80_w0p7,width_sds_L80_w0p5,2,78.98059813298828,2,0.26451040386035873,0.25990094385504836,0.22109643763862152,0.5164830526433093,0.412407559058663,0.7398676232254129,0.18333333333333335,0.15559940796973848,0.015266979035466033
source_width_sds_L80,width_sds_L80_w0p7,width_sds_L80_w0p5,2,78.98059813298828,3,0.26451040386035873,0.25990094385504836,0.3013299811584176,0.5224264187970391,0.38731079634187326,0.7423902193694507,0.026666666666666616,0.1758148741041623,0.03958759625795505
