cosmological_length_over_M,window,window_family,window_start_U_over_M,window_end_U_over_M,coarse_resolution,medium_resolution,fine_resolution,coarse_medium_paired_E2,medium_fine_paired_E2,successive_changes_decrease,observed_coupled_order,richardson_fine_E2,estimated_fine_numerical_E2,conservative_numerical_E2,refinement_status,difference_definition
80,prompt_and_early_ringdown,cumulative,0.0,40.0,384,512,768,0.00043807383961904874,0.00028654364547767906,True,2.2648680406367676,0.0001903829678030741,0.0001903829678030741,0.00028654364547767906,monotone_three_grid_sequence,level-matched uniform-SdS minus Schwarzschild residuals
80,radiative_signal,cumulative,0.0,80.0,384,512,768,0.0014110230473534237,0.0006891569149265641,True,3.153549959766734,0.0002658985856823661,0.0002658985856823661,0.0006891569149265641,monotone_three_grid_sequence,level-matched uniform-SdS minus Schwarzschild residuals
80,qnm_early,qnm_window_sensitivity,10.0,40.0,384,512,768,0.0006794276988861931,0.00043607498169862826,True,2.322036703077807,0.0002788494289179715,0.0002788494289179715,0.00043607498169862826,monotone_three_grid_sequence,level-matched uniform-SdS minus Schwarzschild residuals
80,qnm_central,qnm_window_sensitivity,15.0,45.0,384,512,768,0.0012413187885438345,0.0007555757406418535,True,2.4823860713627104,0.00043522306267002254,0.00043522306267002254,0.0007555757406418535,monotone_three_grid_sequence,level-matched uniform-SdS minus Schwarzschild residuals
80,qnm_late,qnm_window_sensitivity,20.0,50.0,384,512,768,0.0019406024313837968,0.0010891210823010073,True,2.728881275460773,0.0005381952187588687,0.0005381952187588687,0.0010891210823010073,monotone_three_grid_sequence,level-matched uniform-SdS minus Schwarzschild residuals
80,early_ringdown,disjoint,40.0,80.0,384,512,768,0.02799750830383912,0.013082324782786342,True,3.289479931543924,0.0046800774135971395,0.0046800774135971395,0.013082324782786342,monotone_three_grid_sequence,level-matched uniform-SdS minus Schwarzschild residuals
160,prompt_and_early_ringdown,cumulative,0.0,40.0,384,512,768,0.0003564530519462855,0.00017987133678959452,True,3.053505817208313,7.344625753126678e-05,7.344625753126678e-05,0.00017987133678959452,monotone_three_grid_sequence,level-matched uniform-SdS minus Schwarzschild residuals
160,radiative_signal,cumulative,0.0,80.0,384,512,768,0.001167812304617896,0.00040989669647715766,True,4.176526448949615,9.235791812638618e-05,9.235791812638618e-05,0.00040989669647715766,monotone_three_grid_sequence,level-matched uniform-SdS minus Schwarzschild residuals
160,qnm_early,qnm_window_sensitivity,10.0,40.0,384,512,768,0.0005528807583106571,0.0002723745454411624,True,3.1270590632822217,0.00010667006450384546,0.00010667006450384546,0.0002723745454411624,monotone_three_grid_sequence,level-matched uniform-SdS minus Schwarzschild residuals
160,qnm_central,qnm_window_sensitivity,15.0,45.0,384,512,768,0.0009974961863622371,0.0004719116214868587,True,3.251366043056341,0.00017241168743272226,0.00017241168743272226,0.0004719116214868587,monotone_three_grid_sequence,level-matched uniform-SdS minus Schwarzschild residuals
160,qnm_late,qnm_window_sensitivity,20.0,50.0,384,512,768,0.0015855041879621983,0.0006680196838831301,True,3.6086855376600293,0.00020122628261991232,0.00020122628261991232,0.0006680196838831301,monotone_three_grid_sequence,level-matched uniform-SdS minus Schwarzschild residuals
160,early_ringdown,disjoint,40.0,80.0,384,512,768,0.02321290567018517,0.0076877897854724505,True,4.358321293024299,0.0015837629939673766,0.0015837629939673766,0.0076877897854724505,monotone_three_grid_sequence,level-matched uniform-SdS minus Schwarzschild residuals
320,prompt_and_early_ringdown,cumulative,0.0,40.0,384,512,768,0.0015471527635776152,0.0002748906833963086,True,6.341096331171143,2.275563042063462e-05,2.275563042063462e-05,0.0002748906833963086,monotone_three_grid_sequence,level-matched uniform-SdS minus Schwarzschild residuals
320,radiative_signal,cumulative,0.0,80.0,384,512,768,0.0034065662208807895,0.0006427257755301451,True,6.147290594545436,5.794702123860283e-05,5.794702123860283e-05,0.0006427257755301451,monotone_three_grid_sequence,level-matched uniform-SdS minus Schwarzschild residuals
320,qnm_early,qnm_window_sensitivity,10.0,40.0,384,512,768,0.0023463217432258794,0.00041675503762426974,True,6.342089884633409,3.448420934917808e-05,3.448420934917808e-05,0.00041675503762426974,monotone_three_grid_sequence,level-matched uniform-SdS minus Schwarzschild residuals
320,qnm_central,qnm_window_sensitivity,15.0,45.0,384,512,768,0.003773201859591506,0.0007249602613985652,True,6.088727258548329,6.707705632293133e-05,6.707705632293133e-05,0.0007249602613985652,monotone_three_grid_sequence,level-matched uniform-SdS minus Schwarzschild residuals
320,qnm_late,qnm_window_sensitivity,20.0,50.0,384,512,768,0.005648937031810912,0.0010313208325401083,True,6.253348688963899,8.873159930956208e-05,8.873159930956208e-05,0.0010313208325401083,monotone_three_grid_sequence,level-matched uniform-SdS minus Schwarzschild residuals
320,early_ringdown,disjoint,40.0,80.0,384,512,768,0.06334699052983367,0.01212632853086714,True,6.100597435844001,0.0011161074262577273,0.0011161074262577273,0.01212632853086714,monotone_three_grid_sequence,level-matched uniform-SdS minus Schwarzschild residuals
640,prompt_and_early_ringdown,cumulative,0.0,40.0,384,512,768,0.0007229802366795121,0.00011430156478077609,True,6.719306919199297,8.022321348076262e-06,8.022321348076262e-06,0.00011430156478077609,monotone_three_grid_sequence,level-matched uniform-SdS minus Schwarzschild residuals
640,radiative_signal,cumulative,0.0,80.0,384,512,768,0.0014335265281946587,0.00023895914915670268,True,6.547556704533775,1.807253873955272e-05,1.807253873955272e-05,0.00023895914915670268,monotone_three_grid_sequence,level-matched uniform-SdS minus Schwarzschild residuals
640,qnm_early,qnm_window_sensitivity,10.0,40.0,384,512,768,0.0010894242800140376,0.0001718061019597305,True,6.727415543361185,1.2015962551270453e-05,1.2015962551270453e-05,0.0001718061019597305,monotone_three_grid_sequence,level-matched uniform-SdS minus Schwarzschild residuals
640,qnm_central,qnm_window_sensitivity,15.0,45.0,384,512,768,0.0017100114186171104,0.0002992239737525006,True,6.390440023310038,2.4239557886773707e-05,2.4239557886773707e-05,0.0002992239737525006,monotone_three_grid_sequence,level-matched uniform-SdS minus Schwarzschild residuals
640,qnm_late,qnm_window_sensitivity,20.0,50.0,384,512,768,0.002528070281520188,0.0004148104696628043,True,6.598739947968603,3.0680200046469344e-05,3.0680200046469344e-05,0.0004148104696628043,monotone_three_grid_sequence,level-matched uniform-SdS minus Schwarzschild residuals
640,early_ringdown,disjoint,40.0,80.0,384,512,768,0.025836759684819625,0.004379808440574932,True,6.493114492613791,0.0003392119535500198,0.0003392119535500198,0.004379808440574932,monotone_three_grid_sequence,level-matched uniform-SdS minus Schwarzschild residuals
