cosmological_length_over_M,window,window_family,window_start_U_over_M,window_end_U_over_M,coarse_resolution,medium_resolution,fine_resolution,coarse_medium_candidate_E2,medium_fine_candidate_E2,successive_changes_decrease,observed_coupled_order,richardson_fine_E2,estimated_fine_numerical_E2,conservative_numerical_E2,refinement_status,difference_definition
80,prompt_and_early_ringdown,cumulative,0.0,40.0,384,512,768,0.0003360575392851763,6.832518740239832e-05,True,5.906842422772254,6.8541772622548505e-06,6.8541772622548505e-06,6.832518740239832e-05,monotone_three_grid_sequence,candidate waveforms only; frozen controls are not paired to candidate refinement levels
80,radiative_signal,cumulative,0.0,80.0,384,512,768,0.0019309898430088868,0.00013058155318527398,True,9.522011326843666,2.8078794739212913e-06,2.8078794739212913e-06,0.00013058155318527398,monotone_three_grid_sequence,candidate waveforms only; frozen controls are not paired to candidate refinement levels
80,qnm_early,qnm_window_sensitivity,10.0,40.0,384,512,768,0.0005050125466823525,0.00010605435787886279,True,5.802951367526925,1.1144890729523118e-05,1.1144890729523118e-05,0.00010605435787886279,monotone_three_grid_sequence,candidate waveforms only; frozen controls are not paired to candidate refinement levels
80,qnm_central,qnm_window_sensitivity,15.0,45.0,384,512,768,0.0011450647697413537,0.0001777973048163557,True,6.777889813142677,1.2165842969546071e-05,1.2165842969546071e-05,0.0001777973048163557,monotone_three_grid_sequence,candidate waveforms only; frozen controls are not paired to candidate refinement levels
80,qnm_late,qnm_window_sensitivity,20.0,50.0,384,512,768,0.0019391108883750582,0.00026645426196498286,True,7.176116782772188,1.5357019487092484e-05,1.5357019487092484e-05,0.00026645426196498286,monotone_three_grid_sequence,candidate waveforms only; frozen controls are not paired to candidate refinement levels
80,early_ringdown,disjoint,40.0,80.0,384,512,768,0.03969061027938658,0.0023229803503261683,True,10.006417991264133,4.088653183845772e-05,4.088653183845772e-05,0.0023229803503261683,monotone_three_grid_sequence,candidate waveforms only; frozen controls are not paired to candidate refinement levels
160,prompt_and_early_ringdown,cumulative,0.0,40.0,768,1024,1536,6.032043136530854e-05,1.7448780637968665e-05,True,4.783980450775965,2.929160449284191e-06,2.929160449284191e-06,1.7448780637968665e-05,monotone_three_grid_sequence,candidate waveforms only; frozen controls are not paired to candidate refinement levels
160,radiative_signal,cumulative,0.0,80.0,768,1024,1536,0.0002744071166897945,0.00010029637490601678,True,4.050124783324971,2.4072426987205785e-05,2.4072426987205785e-05,0.00010029637490601678,monotone_three_grid_sequence,candidate waveforms only; frozen controls are not paired to candidate refinement levels
160,qnm_early,qnm_window_sensitivity,10.0,40.0,768,1024,1536,9.32666628993057e-05,2.7015693292838064e-05,True,4.779699380230729,4.544380996438786e-06,4.544380996438786e-06,2.7015693292838064e-05,monotone_three_grid_sequence,candidate waveforms only; frozen controls are not paired to candidate refinement levels
160,qnm_central,qnm_window_sensitivity,15.0,45.0,768,1024,1536,0.00017435715853286312,5.210817173405075e-05,True,4.681110251436761,9.185754728326792e-06,9.185754728326792e-06,5.210817173405075e-05,monotone_three_grid_sequence,candidate waveforms only; frozen controls are not paired to candidate refinement levels
160,qnm_late,qnm_window_sensitivity,20.0,50.0,768,1024,1536,0.0002848449410568884,8.916578427029852e-05,True,4.535270445875422,1.685688163201349e-05,1.685688163201349e-05,8.916578427029852e-05,monotone_three_grid_sequence,candidate waveforms only; frozen controls are not paired to candidate refinement levels
160,early_ringdown,disjoint,40.0,80.0,768,1024,1536,0.005587578584064392,0.002061540878683163,True,4.020854174462207,0.0005021426915041408,0.0005021426915041408,0.002061540878683163,monotone_three_grid_sequence,candidate waveforms only; frozen controls are not paired to candidate refinement levels
320,prompt_and_early_ringdown,cumulative,0.0,40.0,1024,1536,2048,1.9256928071694144e-05,3.870852806802432e-06,True,3.5204500402987753,2.2078561167390385e-06,2.2078561167390385e-06,3.870852806802432e-06,monotone_three_grid_sequence,candidate waveforms only; frozen controls are not paired to candidate refinement levels
320,radiative_signal,cumulative,0.0,80.0,1024,1536,2048,0.000149972537634303,0.00012866540367040654,True,nan,nan,0.00012866540367040654,0.00012866540367040654,monotone_sequence_order_unresolved,candidate waveforms only; frozen controls are not paired to candidate refinement levels
320,qnm_early,qnm_window_sensitivity,10.0,40.0,1024,1536,2048,2.9827534906810487e-05,5.850962171571318e-06,True,3.5865549766424136,3.2395965637473844e-06,3.2395965637473844e-06,5.850962171571318e-06,monotone_three_grid_sequence,candidate waveforms only; frozen controls are not paired to candidate refinement levels
320,qnm_central,qnm_window_sensitivity,15.0,45.0,1024,1536,2048,6.049895170681789e-05,1.4629503506994367e-05,True,3.018080620903147,1.0580144620999445e-05,1.0580144620999445e-05,1.4629503506994367e-05,monotone_three_grid_sequence,candidate waveforms only; frozen controls are not paired to candidate refinement levels
320,qnm_late,qnm_window_sensitivity,20.0,50.0,1024,1536,2048,0.00010790496218805281,3.161649359456586e-05,True,2.4916475948383963,3.017202791690381e-05,3.017202791690381e-05,3.161649359456586e-05,monotone_three_grid_sequence,candidate waveforms only; frozen controls are not paired to candidate refinement levels
320,early_ringdown,disjoint,40.0,80.0,1024,1536,2048,0.003104448026701271,0.002684438621027285,True,nan,nan,0.002684438621027285,0.002684438621027285,monotone_sequence_order_unresolved,candidate waveforms only; frozen controls are not paired to candidate refinement levels
640,prompt_and_early_ringdown,cumulative,0.0,40.0,768,1024,1536,1.169218509825247e-05,5.232206029846718e-05,False,nan,nan,5.232206029846718e-05,5.232206029846718e-05,unresolved_three_grid_sequence,candidate waveforms only; frozen controls are not paired to candidate refinement levels
640,radiative_signal,cumulative,0.0,80.0,768,1024,1536,0.00015714708291060078,0.0006576099521307126,False,nan,nan,0.0006576099521307126,0.0006576099521307126,unresolved_three_grid_sequence,candidate waveforms only; frozen controls are not paired to candidate refinement levels
640,qnm_early,qnm_window_sensitivity,10.0,40.0,768,1024,1536,1.7830022178737922e-05,8.129256551949391e-05,False,nan,nan,8.129256551949391e-05,8.129256551949391e-05,unresolved_three_grid_sequence,candidate waveforms only; frozen controls are not paired to candidate refinement levels
640,qnm_central,qnm_window_sensitivity,15.0,45.0,768,1024,1536,2.6269994048913223e-05,0.0001760385638112813,False,nan,nan,0.0001760385638112813,0.0001760385638112813,unresolved_three_grid_sequence,candidate waveforms only; frozen controls are not paired to candidate refinement levels
640,qnm_late,qnm_window_sensitivity,20.0,50.0,768,1024,1536,3.4559927797371116e-05,0.00033444054871954764,False,nan,nan,0.00033444054871954764,0.00033444054871954764,unresolved_three_grid_sequence,candidate waveforms only; frozen controls are not paired to candidate refinement levels
640,early_ringdown,disjoint,40.0,80.0,768,1024,1536,0.00327108884030906,0.013682798458188863,False,nan,nan,0.013682798458188863,0.013682798458188863,unresolved_three_grid_sequence,candidate waveforms only; frozen controls are not paired to candidate refinement levels
